,Name,Year,School,Pos,PTS,TRB,AST,STL,BLK,TOV,NBAPTS,NBATRB,NBAAST,NBASTL,NBABLK,NBATOV
0,Kenyon Martin,2001.0,Cincinnati,PF,18.9,9.7,1.4,1.4,3.5,1.8,12.0,7.4,1.9,1.1,1.7,2.0
1,Stromile Swift,2001.0,LSU,PF,16.2,8.2,0.9,1.5,2.8,2.4,4.9,3.6,0.4,0.8,1.0,0.8
2,Marcus Fizer,2001.0,Iowa State,PF,22.8,7.7,1.1,0.8,1.1,2.1,9.5,4.3,1.1,0.4,0.3,1.7
3,Mike Miller,2001.0,Florida,SF,14.1,6.6,2.5,1.2,0.4,1.9,11.9,4.0,1.7,0.6,0.2,1.2
4,DerMarr Johnson,2001.0,Cincinnati,SF,12.6,3.8,1.4,1.0,0.9,1.4,5.1,2.3,0.8,0.6,0.4,1.2
5,Chris Mihm,2001.0,Texas,C,17.7,10.5,0.7,0.3,2.7,2.5,7.6,4.7,0.3,0.3,0.9,1.4
6,Jamal Crawford,2001.0,Michigan,PG,16.6,2.8,4.5,1.1,0.9,3.1,4.6,1.5,2.3,0.7,0.2,1.4
7,Joel Przybilla,2001.0,Minnesota,C,14.2,8.4,2.4,0.8,3.9,3.7,0.8,2.2,0.1,0.1,0.9,0.4
8,Keyon Dooling,2001.0,Missouri,PG,15.3,2.7,3.6,1.4,0.5,2.5,5.9,1.2,2.3,0.5,0.1,1.2
9,Etan Thomas,2002.0,Syracuse,C,13.6,9.3,0.6,0.8,3.7,2.0,4.3,3.9,0.1,0.4,0.7,0.6
10,Courtney Alexander,2001.0,Fresno State,PG,24.8,4.7,3.5,1.4,0.1,2.5,9.5,2.2,1.0,0.7,0.1,1.2
11,Mateen Cleaves,2001.0,Michigan State,PG,12.1,1.8,6.9,1.4,0.2,3.7,5.4,1.7,2.7,0.6,0.0,1.8
12,Jason Collier,2001.0,Georgia Tech,C,17.0,9.2,1.6,0.8,1.1,3.2,3.1,1.6,0.3,0.1,0.1,0.5
13,Desmond Mason,2001.0,Oklahoma State,SF,18.0,6.6,1.5,1.2,1.0,1.8,5.9,3.2,0.8,0.5,0.3,0.7
14,Quentin Richardson,2001.0,DePaul,SG,17.0,9.8,2.2,1.1,0.3,2.3,8.1,3.4,0.8,0.6,0.1,0.8
15,Jamaal Magloire,2001.0,Kentucky,C,13.2,9.1,0.5,0.5,1.7,2.9,4.6,4.0,0.4,0.2,1.1,0.8
16,Speedy Claxton,2002.0,Hofstra,PG,22.8,5.4,6.0,3.3,0.2,3.3,7.2,2.4,3.0,1.4,0.1,1.4
17,Morris Peterson,2001.0,Michigan State,SG,16.8,6.0,1.3,1.2,0.3,2.2,9.3,3.2,1.3,0.8,0.3,1.0
18,Donnell Harvey,2001.0,Florida,PF,10.1,7.0,1.0,0.7,0.8,1.6,1.2,1.1,0.1,0.2,0.1,0.4
19,Erick Barkley,2001.0,St. John's (NY),PG,16.0,3.0,4.5,3.0,0.3,2.4,2.4,0.4,0.8,0.3,0.0,0.6
20,Mark Madsen,2001.0,Stanford,PF,12.2,9.3,1.1,0.6,0.9,1.5,2.0,2.2,0.3,0.1,0.1,0.4
21,Dan Langhi,2001.0,Vanderbilt,SF,22.1,6.0,0.8,0.4,0.3,1.8,2.7,1.2,0.1,0.2,0.0,0.2
22,Jake Voskuhl,2001.0,UConn,C,8.5,6.4,1.1,0.5,1.4,1.8,1.9,2.1,0.3,0.3,0.4,0.8
23,Khalid El-Amin,2001.0,UConn,PG,16.0,3.1,5.2,1.7,0.1,2.7,6.3,1.6,2.9,1.0,0.0,1.1
24,Mike Smith,2001.0,Louisiana-Monroe,SF,20.1,9.4,3.4,1.5,0.9,4.3,3.0,1.3,0.6,0.3,0.2,0.4
25,Eddie House,2001.0,Arizona State,PG,23.0,5.5,3.5,2.3,0.1,2.3,5.0,0.8,1.0,0.3,0.0,0.7
26,Lavor Postell,2001.0,St. John's (NY),SG,14.3,6.9,1.8,0.9,0.6,1.5,2.3,1.0,0.2,0.2,0.1,0.7
28,Michael Redd,2001.0,Ohio State,SG,17.3,6.5,2.1,1.2,0.2,2.1,2.2,0.7,0.2,0.2,0.0,0.2
29,Brian Cardinal,2001.0,Purdue,PF,13.9,6.3,2.2,2.0,0.3,2.3,2.1,1.5,0.2,0.5,0.1,0.6
30,Jabari Smith,2001.0,LSU,C,12.5,7.0,2.2,0.7,1.0,2.6,2.9,0.9,0.7,0.4,0.0,0.3
32,Jason Hart,2001.0,Syracuse,PG,11.9,3.0,6.5,1.8,0.1,3.5,2.0,0.0,1.0,0.0,0.0,2.0
33,Kaniel Dickens,2004.0,Idaho,PF,12.1,6.6,0.9,0.9,0.9,2.2,2.3,0.7,0.0,0.0,0.0,0.3
34,Dan McClintock,2001.0,Northern Arizona,C,15.6,6.5,1.2,0.4,2.3,1.8,3.0,2.8,0.2,0.0,0.3,0.5
35,Chris Porter,2001.0,Auburn,SF,14.6,7.3,1.2,2.0,0.3,2.1,8.6,3.7,1.2,0.9,0.1,1.2
39,Jason Richardson,2002.0,Michigan State,SG,14.7,5.9,2.2,1.2,0.8,1.3,14.4,4.3,3.0,1.3,0.4,2.0
40,Shane Battier,2002.0,Duke,SF,19.9,7.3,1.8,2.1,2.3,1.5,14.4,5.4,2.8,1.6,1.0,2.0
41,Eddie Griffin,2002.0,Seton Hall,PF,17.8,10.8,1.6,0.9,4.4,2.2,8.8,5.7,0.7,0.2,1.8,0.6
42,Rodney White,2002.0,Charlotte,SF,18.7,6.5,1.5,1.2,0.7,2.9,3.5,1.1,0.8,0.6,0.1,0.9
43,Joe Johnson,2002.0,Arkansas,SG,14.2,6.4,2.6,1.4,0.4,2.3,7.5,3.3,2.3,0.8,0.3,0.9
44,Richard Jefferson,2002.0,Arizona,SF,11.3,5.4,2.7,0.8,0.8,3.0,9.4,3.7,1.8,0.8,0.6,1.4
45,Troy Murphy,2002.0,Notre Dame,PF,21.8,9.2,2.1,0.9,1.7,3.0,5.9,3.9,0.9,0.4,0.3,1.0
46,Steven Hunter,2002.0,DePaul,C,11.4,5.6,0.5,0.2,2.4,1.5,3.6,1.8,0.1,0.1,0.8,0.3
47,Kirk Haston,2002.0,Indiana,PF,19.0,8.7,1.2,1.1,1.2,2.4,1.7,1.3,0.3,0.0,0.1,0.2
48,Michael Bradley,2002.0,Villanova,PF,20.8,9.8,2.6,0.9,1.8,2.8,1.2,0.9,0.1,0.0,0.2,0.2
49,Jason Collins,2002.0,Stanford,C,14.5,7.8,1.5,0.8,1.3,1.6,4.5,3.9,1.1,0.4,0.6,0.9
50,Zach Randolph,2002.0,Michigan State,PF,10.8,6.7,1.0,0.7,0.7,1.6,2.8,1.7,0.3,0.2,0.1,0.4
51,Brendan Haywood,2002.0,UNC,C,12.3,7.3,1.3,0.5,3.6,2.0,5.1,5.2,0.5,0.3,1.5,0.8
52,Joseph Forte,2002.0,UNC,SG,20.9,6.1,3.5,2.0,0.4,2.5,0.8,0.8,0.8,0.3,0.0,0.4
53,Jeryl Sasser,2002.0,SMU,SG,17.0,8.3,0.8,1.4,0.6,2.1,1.4,1.0,0.3,0.4,0.0,0.3
54,Brandon Armstrong,2002.0,Pepperdine,SG,22.1,3.3,1.5,1.5,0.2,2.1,1.8,0.5,0.2,0.2,0.0,0.2
55,Gerald Wallace,2002.0,Alabama,SF,9.8,6.0,1.5,1.2,1.0,2.4,3.2,1.6,0.5,0.4,0.1,0.4
56,Samuel Dalembert,2002.0,Seton Hall,C,8.3,5.7,0.3,0.5,2.1,1.9,1.5,2.0,0.1,0.2,0.4,0.4
57,Jamaal Tinsley,2002.0,Iowa State,PG,14.3,3.8,6.0,2.5,0.6,3.8,9.4,3.7,8.1,1.7,0.5,3.4
58,Trenton Hassell,2002.0,Austin Peay,SG,21.7,7.8,4.5,1.2,0.5,3.8,8.7,3.3,2.2,0.7,0.6,1.3
59,Gilbert Arenas,2002.0,Arizona,PG,16.2,3.6,2.3,1.8,0.2,2.8,10.9,2.8,3.7,1.5,0.2,2.1
60,Omar Cook,2004.0,St. John's (NY),PG,15.3,3.0,8.7,2.3,0.2,5.1,0.8,0.4,1.4,0.6,0.0,0.6
61,Will Solomon,2002.0,Clemson,SG,19.7,2.9,3.4,1.4,0.3,4.1,5.2,1.1,1.5,0.6,0.1,1.0
62,Terence Morris,2002.0,Maryland,SF,12.2,7.7,1.9,0.9,2.2,1.8,3.8,3.1,0.9,0.3,0.4,0.7
63,Brian Scalabrine,2002.0,USC,PF,14.7,5.9,2.8,0.9,0.9,3.1,2.1,1.8,0.8,0.3,0.1,0.9
64,Jeff Trepagnier,2002.0,USC,SG,9.0,5.1,1.6,1.5,1.0,1.9,1.5,1.0,1.0,0.7,0.3,0.9
65,Damone Brown,2002.0,Syracuse,SF,16.4,8.8,1.6,1.7,1.4,2.0,1.4,0.2,0.1,0.1,0.1,0.5
67,Earl Watson,2002.0,UCLA,PG,14.7,3.7,5.2,1.9,0.3,3.4,3.6,1.3,2.0,0.9,0.1,0.8
68,Jamison Brewer,2002.0,Auburn,SG,8.4,7.2,5.8,1.5,0.1,2.9,0.3,0.6,0.7,0.2,0.0,0.2
69,Bobby Simmons,2002.0,DePaul,SF,16.7,8.6,2.5,0.8,0.1,2.1,3.7,1.7,0.6,0.4,0.2,0.5
72,Sean Lampley,2003.0,California,SF,19.5,7.2,3.3,0.9,0.5,3.6,4.8,2.4,0.9,0.2,0.1,0.7
73,Loren Woods,2002.0,Arizona,C,13.2,6.5,2.1,0.7,2.9,2.0,1.8,2.0,0.4,0.3,0.6,0.6
74,Ruben Boumtje-Boumtje,2002.0,Georgetown,C,9.1,6.8,0.9,0.7,2.4,2.2,1.2,1.7,0.1,0.1,0.5,0.4
75,Alton Ford,2002.0,Houston,PF,10.8,5.9,0.7,0.2,0.7,2.5,3.1,2.0,0.1,0.1,0.1,0.6
77,Jarron Collins,2002.0,Stanford,C,12.8,6.7,1.4,0.6,0.6,1.5,6.4,4.2,0.8,0.4,0.3,0.8
78,Kenny Satterfield,2002.0,Cincinnati,PG,14.4,4.7,5.1,1.7,0.2,3.2,5.3,1.4,3.0,0.9,0.0,1.5
80,Alvin Jones,2002.0,Georgia Tech,C,13.4,10.4,1.5,0.9,3.4,3.0,1.1,1.6,0.1,0.1,0.4,0.5
82,Jay Williams,2003.0,Duke,PG,21.3,3.5,5.3,2.2,0.1,3.7,9.5,2.6,4.7,1.1,0.2,2.3
83,Drew Gooden,2003.0,Kansas,SF-PF,19.8,11.4,2.0,1.8,1.4,2.9,12.5,6.5,1.2,0.8,0.5,2.1
84,Dajuan Wagner,2003.0,Memphis,SG,21.2,2.5,3.6,1.2,0.6,2.9,13.4,1.7,2.8,0.8,0.1,1.8
85,Chris Wilcox,2003.0,Maryland,PF,12.0,7.1,1.5,0.8,1.5,1.5,3.7,2.3,0.5,0.2,0.3,0.6
86,Caron Butler,2003.0,UConn,SF,20.3,7.5,3.0,2.1,0.4,2.9,15.4,5.1,2.7,1.8,0.4,2.5
87,Jared Jeffries,2003.0,Indiana,SF,15.0,7.6,2.1,1.5,1.3,2.8,4.0,2.9,0.8,0.4,0.3,1.1
88,Melvin Ely,2003.0,Fresno State,C,23.3,9.1,1.8,0.7,3.1,2.6,4.5,3.3,0.3,0.2,0.6,1.0
89,Marcus Haislip,2003.0,Tennessee,PF,16.7,6.7,1.0,0.4,1.8,2.0,4.1,1.4,0.2,0.2,0.5,0.5
90,Fred Jones,2003.0,Oregon,SG,18.6,5.4,3.2,1.8,0.5,2.3,1.2,0.5,0.3,0.3,0.1,0.3
91,Juan Dixon,2003.0,Maryland,PG,20.4,4.6,2.9,2.6,0.2,2.5,6.4,1.7,1.0,0.6,0.1,1.0
92,Curtis Borchardt,2004.0,Stanford,C,16.9,11.4,2.0,0.6,2.9,2.0,3.6,3.4,0.9,0.3,0.9,1.1
93,Ryan Humphrey,2003.0,Notre Dame,PF,18.9,10.9,2.6,1.1,2.8,2.5,1.9,2.1,0.2,0.2,0.4,0.5
94,Kareem Rush,2003.0,Missouri,PG,19.8,5.2,2.5,1.1,0.6,2.9,3.0,1.2,0.9,0.1,0.1,0.8
95,Casey Jacobsen,2003.0,Stanford,SF,21.9,4.5,3.5,0.6,0.1,2.4,5.1,1.2,1.0,0.5,0.1,0.8
96,Tayshaun Prince,2003.0,Kentucky,SF,17.5,6.3,1.6,1.1,1.3,2.0,3.3,1.1,0.6,0.2,0.3,0.5
97,Frank Williams,2003.0,Illinois,PG,16.2,4.7,4.4,2.0,0.3,2.7,1.3,0.9,1.6,0.3,0.1,0.8
98,John Salmons,2003.0,Miami (FL),PG,13.1,6.0,6.1,1.8,0.6,3.7,2.1,0.9,0.7,0.3,0.1,0.5
99,Chris Jefferies,2003.0,Fresno State,SF,17.3,6.3,3.0,1.2,1.2,2.4,3.9,1.2,0.4,0.4,0.3,0.9
100,Dan Dickau,2003.0,Gonzaga,PG,21.0,3.0,4.7,0.8,0.1,2.9,3.7,0.9,1.7,0.3,0.0,1.1
102,Roger Mason,2003.0,Virginia,SF,18.6,3.2,4.1,0.9,0.4,3.0,1.8,0.7,0.7,0.2,0.0,0.3
103,Robert Archibald,2003.0,Illinois,PF,10.6,5.5,1.3,0.7,1.1,2.0,1.6,1.4,0.3,0.0,0.3,0.6
104,Vincent Yarbrough,2003.0,Tennessee,SG,18.1,7.5,2.8,1.9,0.8,3.0,6.9,2.7,2.2,1.0,0.6,1.4
105,Dan Gadzuric,2003.0,UCLA,C,11.7,7.7,0.7,0.5,1.3,1.6,3.4,4.0,0.2,0.4,1.1,0.6
106,Carlos Boozer,2003.0,Duke,PF,18.2,8.7,1.1,0.9,0.6,1.9,10.0,7.5,1.3,0.7,0.6,1.3
109,Lonny Baxter,2003.0,Maryland,C,15.2,8.2,0.8,0.9,2.0,2.2,4.8,3.0,0.3,0.2,0.4,0.8
111,Matt Barnes,2004.0,UCLA,SF,13.5,6.2,3.5,1.1,0.3,2.8,4.5,4.0,1.3,0.7,0.1,1.2
112,Jamal Sampson,2003.0,California,PF,6.4,6.5,1.2,0.5,1.7,1.7,0.0,0.4,0.2,0.2,0.0,0.0
113,Chris Owens,2003.0,Texas,SF,15.8,7.4,0.8,0.7,1.9,1.7,4.0,1.0,0.0,0.0,0.0,1.0
114,Darius Songaila,2004.0,Wake Forest,PF,17.9,8.1,2.6,1.3,0.8,3.5,4.6,3.1,0.7,0.6,0.2,0.6
116,Rasual Butler,2003.0,La Salle,SG,20.9,8.8,1.4,1.3,1.3,2.6,7.5,2.6,1.3,0.3,0.6,1.1
117,Tamar Slay,2003.0,Marshall,SG,18.9,5.4,2.4,1.6,0.5,3.0,2.6,0.9,0.4,0.4,0.1,0.6
118,Randy Holcomb,2006.0,San Diego State,SF,16.9,9.0,1.7,0.7,1.0,3.5,0.5,0.3,0.0,0.0,0.0,0.0
119,Corsley Edwards,2005.0,Central Connecticut,C,15.4,8.7,1.0,1.4,1.5,2.2,2.7,2.5,0.3,0.3,0.4,0.2
120,Carmelo Anthony,2004.0,Syracuse,SF,22.2,10.0,2.2,1.6,0.9,2.2,21.0,6.1,2.8,1.2,0.5,3.0
121,Chris Bosh,2004.0,Georgia Tech,C,15.6,9.0,1.2,1.0,2.2,2.3,11.5,7.4,1.0,0.8,1.4,1.4
122,Dwyane Wade,2004.0,Marquette,PG,21.5,6.3,4.4,2.2,1.3,3.2,16.2,4.0,4.5,1.4,0.6,3.2
123,Chris Kaman,2004.0,Central Michigan,C,22.4,12.0,1.2,0.6,3.2,4.4,6.1,5.6,1.0,0.3,0.9,1.9
124,Kirk Hinrich,2004.0,Kansas,PG,17.3,3.8,3.5,1.9,0.4,2.2,12.0,3.4,6.8,1.3,0.3,2.7
125,Mike Sweetney,2004.0,Georgetown,PF,22.8,10.4,1.9,1.5,3.2,2.1,4.3,3.7,0.3,0.4,0.3,0.8
126,Jarvis Hayes,2004.0,Georgia,SF,18.3,4.4,2.0,1.1,0.4,1.4,9.6,3.8,1.5,1.0,0.2,1.6
127,Nick Collison,2005.0,Kansas,C,18.5,10.0,2.2,1.2,1.9,2.4,5.6,4.6,0.4,0.4,0.6,0.8
128,Marcus Banks,2004.0,UNLV,PG,20.3,3.3,5.5,2.8,0.1,3.9,5.9,1.6,2.2,1.1,0.2,1.5
129,Luke Ridnour,2004.0,Oregon,PG,19.7,3.4,6.6,1.9,0.1,3.9,5.5,1.6,2.4,0.8,0.1,1.2
130,Reece Gaines,2004.0,Louisville,PG,17.9,2.9,5.0,1.7,0.1,3.0,1.8,1.0,1.1,0.3,0.1,0.5
131,Troy Bell,2004.0,Boston College,PG,25.2,4.6,3.7,2.3,0.2,2.5,1.8,0.7,0.7,0.2,0.0,1.0
132,David West,2004.0,Xavier,PF,20.1,11.8,3.2,1.3,1.6,2.7,3.8,4.2,0.8,0.4,0.4,0.7
133,Dahntay Jones,2004.0,Duke,SG,17.7,5.5,0.9,1.2,0.5,1.9,1.8,1.2,0.6,0.3,0.3,0.6
134,Brian Cook,2004.0,Illinois,C,20.0,7.6,2.0,0.7,0.4,2.8,4.4,2.9,0.6,0.5,0.5,0.5
135,Josh Howard,2004.0,Wake Forest,SF,19.5,8.3,1.9,2.1,1.5,2.6,8.6,5.5,1.4,1.0,0.8,1.0
136,Jason Kapono,2004.0,UCLA,SF,16.8,5.2,2.0,0.6,0.0,2.1,3.5,1.3,0.3,0.3,0.0,0.5
137,Luke Walton,2004.0,Arizona,PF,10.8,5.6,5.1,0.9,0.3,2.8,2.4,1.8,1.6,0.4,0.1,0.6
139,Travis Hansen,2004.0,BYU,SF,16.8,4.8,2.4,0.9,0.6,2.6,3.0,1.7,0.5,0.2,0.2,0.4
140,Steve Blake,2004.0,Maryland,PG,11.6,3.7,7.1,1.6,0.2,3.2,5.9,1.6,2.8,0.8,0.1,1.7
141,Derrick Zimmerman,2006.0,Mississippi State,PG,8.9,4.2,5.5,1.9,0.8,3.4,2.0,2.0,3.5,0.0,0.0,2.0
142,Willie Green,2004.0,Detroit,SG,22.6,4.9,2.5,1.3,0.4,2.3,6.9,1.2,1.0,0.5,0.1,1.1
143,Keith Bogans,2004.0,Kentucky,SF,15.7,3.8,2.7,1.2,0.1,2.2,6.8,4.3,1.3,0.6,0.1,1.0
144,Matt Bonner,2005.0,Florida,C,15.2,6.1,1.5,1.1,0.6,1.6,7.2,3.5,0.6,0.5,0.2,0.5
145,Mo Williams,2004.0,Alabama,SG,16.4,3.9,3.9,1.2,0.2,3.0,5.0,1.3,1.3,0.5,0.0,0.9
146,James Jones,2004.0,Miami (FL),SF,16.9,6.0,1.8,1.6,1.8,2.5,1.2,0.3,0.0,0.2,0.0,0.0
147,Kyle Korver,2004.0,Creighton,SF,17.8,6.4,3.1,1.5,0.7,2.0,4.5,1.5,0.5,0.3,0.1,0.6
150,Brandon Hunter,2004.0,Ohio,PF,21.5,12.6,2.6,0.8,1.2,3.6,3.5,3.3,0.5,0.4,0.0,0.6
151,Emeka Okafor,2005.0,UConn,PF,17.6,11.5,1.0,1.0,4.1,2.3,15.1,10.9,0.9,0.8,1.7,1.7
152,Ben Gordon,2005.0,UConn,SG,18.5,4.7,4.5,1.4,0.2,2.8,15.1,2.6,2.0,0.6,0.1,2.3
153,Devin Harris,2005.0,Wisconsin,PG,19.5,4.3,4.4,1.8,0.1,2.1,5.7,1.3,2.2,1.0,0.3,1.1
154,Josh Childress,2005.0,Stanford,SG,15.7,7.5,2.7,0.9,1.6,2.2,10.1,6.0,1.9,0.9,0.4,1.3
155,Luol Deng,2005.0,Duke,SF,15.1,6.9,1.8,1.3,1.1,2.2,11.7,5.3,2.2,0.8,0.4,1.9
156,Andre Iguodala,2005.0,Arizona,SG,12.9,8.4,4.9,1.6,0.4,2.8,9.0,5.7,3.0,1.7,0.6,1.7
157,Luke Jackson,2005.0,Oregon,SF,21.2,7.2,4.5,1.3,0.2,3.0,2.9,0.6,0.3,0.0,0.0,0.2
158,Kris Humphries,2005.0,Minnesota,PF,21.7,10.1,0.7,0.9,1.1,2.8,4.1,2.9,0.6,0.4,0.3,0.8
159,Kirk Snyder,2005.0,Nevada,SG,18.8,5.7,3.4,1.0,0.6,3.5,5.0,1.8,0.5,0.4,0.3,0.9
160,Jameer Nelson,2005.0,St. Joseph's,PG,20.6,4.7,5.3,2.8,0.0,2.8,8.7,2.4,3.0,1.0,0.0,1.5
161,Delonte West,2005.0,St. Joseph's,SG,18.9,5.4,4.7,1.7,0.2,2.6,4.5,1.7,1.4,0.5,0.2,0.6
162,Tony Allen,2005.0,Oklahoma State,SG,16.0,5.5,3.1,2.1,0.9,2.8,6.4,2.9,0.8,1.0,0.3,1.0
163,Kevin Martin,2005.0,Western Carolina,PG,24.9,4.8,1.7,1.9,0.3,3.1,2.9,1.3,0.5,0.4,0.1,0.5
164,David Harrison,2005.0,Colorado,C,17.1,8.8,0.9,0.6,2.9,2.7,6.1,3.1,0.3,0.4,1.3,1.2
165,Jackson Vroman,2005.0,Iowa State,C-PF,13.9,9.6,2.3,1.4,0.7,3.2,4.6,3.8,0.9,0.5,0.4,1.4
166,Lionel Chalmers,2005.0,Xavier,PG,16.6,3.3,3.2,1.1,0.0,2.8,3.1,0.9,1.4,0.4,0.0,0.7
167,Andre Emmett,2005.0,Texas Tech,SG,20.6,6.6,1.8,1.3,0.3,2.1,0.9,0.3,0.0,0.0,0.0,0.1
168,Antonio Burks,2005.0,Memphis,PG,16.0,3.2,5.5,2.4,0.2,2.5,3.0,0.5,1.2,0.5,0.0,0.5
169,Royal Ivey,2005.0,Texas,PG,9.4,4.0,4.3,1.2,0.2,1.5,3.5,1.4,1.7,0.6,0.1,0.9
170,Chris Duhon,2005.0,Duke,PG,10.0,4.1,6.1,2.2,0.2,2.8,5.9,2.6,4.9,1.0,0.0,1.5
171,Justin Reed,2005.0,Ole Miss,SF,18.5,7.5,1.5,0.7,0.8,3.0,1.8,0.7,0.4,0.1,0.0,0.2
172,Trevor Ariza,2005.0,UCLA,SF,11.6,6.5,2.1,1.7,0.4,3.2,5.9,3.0,1.1,0.9,0.2,0.9
174,Bernard Robinson,2005.0,Michigan,SG,12.1,5.7,3.8,1.9,0.3,2.7,3.0,1.5,1.0,0.4,0.1,0.6
175,Pape Sow,2005.0,Cal State Fullerton,C,17.3,9.7,0.9,1.6,0.6,3.0,2.3,2.1,0.1,0.4,0.1,0.4
179,Matt Freije,2005.0,Vanderbilt,PF,18.4,5.4,0.9,0.7,0.6,1.0,4.0,2.7,0.9,0.6,0.1,0.7
181,Luis Flores,2005.0,Manhattan,PG,24.0,3.9,1.6,1.9,0.1,2.4,2.2,0.2,0.7,0.1,0.0,0.7
185,Andrew Bogut,2006.0,Utah,PF,20.4,12.2,2.3,1.0,1.9,2.7,9.4,7.0,2.3,0.6,0.8,1.5
186,Marvin Williams,2006.0,UNC,PF,11.3,6.6,0.7,1.1,0.5,1.6,8.5,4.8,0.8,0.6,0.3,1.1
187,Deron Williams,2006.0,Illinois,PG,12.5,3.6,6.8,1.0,0.2,2.8,10.8,2.4,4.5,0.8,0.2,1.8
188,Chris Paul,2006.0,Wake Forest,PG,15.3,4.5,6.6,2.4,0.0,2.8,16.1,5.1,7.8,2.2,0.1,2.3
189,Raymond Felton,2006.0,UNC,PG,12.9,4.3,6.9,2.0,0.3,3.6,11.9,3.3,5.6,1.3,0.1,2.3
190,Charlie Villanueva,2006.0,UConn,PF,13.6,8.3,1.3,0.6,1.8,2.3,13.0,6.4,1.1,0.7,0.8,1.2
191,Channing Frye,2006.0,Arizona,C,15.8,7.6,1.9,0.9,2.3,1.7,12.3,5.8,0.8,0.5,0.7,1.5
192,Ike Diogu,2006.0,Arizona State,PF,22.6,9.8,1.3,0.6,2.3,3.6,7.0,3.3,0.4,0.2,0.4,1.1
193,Sean May,2006.0,UNC,PF,17.5,10.7,1.7,1.2,1.0,2.5,8.2,4.7,1.0,0.7,0.5,1.4
194,Rashad McCants,2006.0,UNC,SG,16.0,3.0,2.7,1.3,0.7,1.9,7.9,1.8,0.8,0.6,0.3,1.1
195,Antoine Wright,2006.0,Texas A&M,SG,17.8,6.0,2.2,1.2,0.7,2.4,1.8,0.8,0.3,0.1,0.1,0.5
196,Joey Graham,2006.0,Oklahoma State,SF,17.7,6.2,2.0,0.9,0.2,2.7,6.7,3.1,0.8,0.5,0.2,1.2
197,Danny Granger,2006.0,New Mexico,SF,18.8,8.9,2.4,2.1,2.0,2.4,7.5,4.9,1.2,0.7,0.8,1.0
198,Hakim Warrick,2006.0,Syracuse,PF,21.4,8.6,1.5,1.0,0.8,2.5,4.1,2.1,0.4,0.2,0.3,0.8
199,Julius Hodge,2006.0,NC State,SG,17.0,6.6,4.8,1.4,0.7,2.6,0.9,0.5,0.4,0.1,0.0,0.6
200,Nate Robinson,2006.0,Washington,PG,16.4,3.9,4.3,1.7,0.2,2.0,9.3,2.3,2.0,0.8,0.0,1.6
201,Jarrett Jack,2006.0,Georgia Tech,SG,15.5,4.8,4.5,1.8,0.1,3.4,6.7,2.0,2.8,0.5,0.0,1.3
202,Luther Head,2006.0,Illinois,SG,15.9,4.0,3.8,1.7,0.2,1.8,8.8,3.3,2.7,1.1,0.1,1.5
203,Jason Maxiell,2006.0,Cincinnati,PF,15.3,7.7,0.8,1.0,2.7,1.9,2.3,1.1,0.1,0.2,0.2,0.4
204,Linas Kleiza,2006.0,Missouri,PF,16.1,7.6,1.6,0.6,0.3,2.7,3.5,1.9,0.2,0.2,0.2,0.3
205,Wayne Simien,2006.0,Kansas,PF,20.3,11.0,1.4,0.6,0.6,2.3,3.4,2.0,0.2,0.3,0.0,0.6
206,David Lee,2006.0,Florida,SF,13.6,9.0,2.2,1.1,0.8,2.7,5.1,4.5,0.6,0.4,0.3,0.8
207,Salim Stoudamire,2006.0,Arizona,SG,18.4,2.3,2.2,0.8,0.1,2.4,9.7,1.9,1.2,0.4,0.0,1.3
208,Daniel Ewing,2006.0,Duke,SG,15.3,3.2,4.0,2.0,0.4,3.0,3.8,1.3,1.3,0.6,0.1,0.9
209,Brandon Bass,2006.0,LSU,PF,17.3,9.1,0.8,0.8,1.6,1.8,2.3,2.3,0.1,0.1,0.2,0.4
210,Ronny Turiaf,2006.0,Gonzaga,C,15.9,9.5,1.5,0.4,1.9,2.3,2.0,1.6,0.3,0.1,0.4,0.3
211,Travis Diener,2006.0,Marquette,PG,19.7,3.9,7.0,1.3,0.0,2.5,3.8,0.9,0.7,0.3,0.0,0.4
212,Von Wafer,2006.0,Florida State,SG,12.5,2.5,1.7,1.0,0.3,1.7,1.3,0.5,0.3,0.2,0.0,0.1
213,Chris Taft,2006.0,Pitt,C,13.3,7.5,0.8,0.4,1.7,1.6,2.8,2.1,0.1,0.1,0.4,0.1
214,Bracey Wright,2006.0,Indiana,SG,18.3,4.8,2.7,1.1,0.6,2.6,8.9,2.6,0.7,0.1,0.0,1.1
215,Ryan Gomes,2006.0,Providence,PF,21.6,8.2,3.2,1.5,0.2,2.5,7.6,4.9,1.0,0.6,0.1,0.9
216,Orien Greene,2006.0,Louisiana,PG,11.7,4.7,4.1,2.8,0.3,3.5,3.2,1.8,1.6,1.0,0.1,1.4
217,Dijon Thompson,2006.0,UCLA,SG,18.4,7.9,2.3,1.5,0.3,3.3,2.8,1.1,0.1,0.3,0.1,0.2
218,Lawrence Roberts,2006.0,Mississippi State,C,16.9,11.0,1.9,1.6,0.8,2.7,1.5,1.5,0.2,0.2,0.1,0.2
219,Alex Acker,2006.0,Pepperdine,SG,16.6,6.5,3.7,1.3,0.5,2.6,1.8,1.0,0.8,0.2,0.0,0.8
220,LaMarcus Aldridge,2007.0,Texas,C,15.0,9.2,0.5,1.4,2.0,1.6,9.0,5.0,0.4,0.3,1.2,0.7
221,Adam Morrison,2007.0,Gonzaga,PF,28.1,5.5,1.7,1.1,0.3,2.3,11.8,2.9,2.1,0.4,0.1,1.7
222,Tyrus Thomas,2007.0,LSU,PF,12.3,9.2,1.3,1.0,3.1,1.8,5.2,3.7,0.6,0.6,1.1,1.3
223,Shelden Williams,2007.0,Duke,PF,18.8,10.7,1.1,1.7,3.8,2.5,5.5,5.4,0.5,0.6,0.5,1.2
224,Brandon Roy,2007.0,Washington,SG,20.2,5.6,4.1,1.4,0.8,2.3,16.8,4.4,4.0,1.2,0.2,2.0
225,Randy Foye,2007.0,Villanova,PG,20.5,5.8,3.0,1.4,0.6,2.2,10.1,2.7,2.8,0.6,0.3,1.9
226,Rudy Gay,2007.0,UConn,SF,15.2,6.4,2.1,1.8,1.6,2.5,10.8,4.5,1.3,0.9,0.9,1.8
227,Hilton Armstrong,2007.0,UConn,C,9.7,6.6,0.7,0.6,3.1,2.3,3.1,2.7,0.2,0.2,0.5,0.6
228,Ronnie Brewer,2007.0,Arkansas,SG,18.4,4.8,3.3,2.6,0.5,2.2,4.6,1.3,0.4,0.7,0.1,0.4
229,Cedric Simmons,2007.0,NC State,PF,11.8,6.3,1.7,0.7,2.5,1.8,2.9,2.5,0.3,0.2,0.5,0.5
230,Rodney Carney,2007.0,Memphis,SF,17.2,4.3,1.3,1.3,0.7,1.5,6.6,1.9,0.4,0.6,0.3,0.6
231,Shawne Williams,2007.0,Memphis,SG,13.2,6.2,1.9,1.4,1.4,2.3,3.9,1.8,0.5,0.1,0.2,0.5
232,Quincy Douby,2007.0,Rutgers,PG,25.4,4.3,3.1,1.8,0.8,2.8,2.8,0.9,0.4,0.4,0.1,0.4
233,Renaldo Balkman,2007.0,South Carolina,SF,9.6,6.3,1.9,1.7,1.3,1.7,4.9,4.3,0.6,0.8,0.6,0.7
234,Rajon Rondo,2007.0,Kentucky,PG,11.2,6.1,4.9,2.0,0.1,2.3,6.4,3.7,3.8,1.6,0.1,1.8
235,Marcus Williams,2007.0,UConn,PG,12.3,3.9,8.6,0.9,0.2,3.7,6.8,2.1,3.3,0.4,0.0,1.8
236,Josh Boone,2007.0,UConn,PF,10.3,7.0,0.6,0.4,2.0,1.2,4.2,2.9,0.2,0.2,0.3,0.5
237,Kyle Lowry,2007.0,Villanova,PG,11.0,4.3,3.7,2.3,0.2,2.1,5.6,3.1,3.2,1.4,0.1,1.2
238,Shannon Brown,2007.0,Michigan State,SG,17.2,4.4,2.7,1.5,0.1,2.5,3.2,0.9,0.4,0.3,0.1,0.6
239,Jordan Farmar,2007.0,UCLA,PG,13.5,2.6,5.1,1.1,0.2,3.6,4.4,1.7,1.9,0.6,0.1,1.0
240,Maurice Ager,2007.0,Michigan State,SG,19.3,4.1,2.5,0.7,0.3,2.6,2.2,0.7,0.2,0.1,0.1,0.5
241,Mardy Collins,2007.0,Temple,SF,16.8,4.7,4.0,2.8,0.2,2.0,4.5,2.0,1.6,0.6,0.1,1.1
242,James White,2007.0,Cincinnati,SG,16.3,5.1,2.0,1.1,0.8,2.3,8.3,3.3,0.8,0.5,0.2,0.8
243,Steve Novak,2007.0,Marquette,SF,17.5,5.9,1.3,0.6,0.1,1.0,1.5,0.7,0.2,0.1,0.0,0.1
244,Solomon Jones,2007.0,South Florida,PF,13.2,9.8,1.3,0.9,3.1,3.5,3.3,2.3,0.2,0.2,0.7,0.4
245,Paul Davis,2007.0,Michigan State,C,17.5,9.1,1.6,1.0,0.9,2.5,1.6,1.4,0.2,0.2,0.2,0.3
246,Craig Smith,2007.0,Boston College,PF,17.6,9.4,3.0,1.2,0.8,2.5,7.4,5.1,0.6,0.6,0.2,0.9
247,David Noel,2007.0,UNC,PF,12.9,6.8,3.5,1.1,0.7,3.1,2.7,1.8,1.0,0.4,0.1,0.6
249,James Augustine,2007.0,Illinois,PF,13.6,9.1,1.8,1.4,0.7,2.0,1.0,1.5,1.0,0.0,0.0,0.0
250,Daniel Gibson,2007.0,Texas,PG,13.4,3.6,3.1,1.3,0.3,1.9,4.6,1.5,1.2,0.4,0.1,0.7
251,Alexander Johnson,2007.0,Florida State,PF,13.2,7.4,0.7,1.1,1.0,2.8,4.4,3.1,0.3,0.4,0.6,0.8
252,Paul Millsap,2007.0,Louisiana Tech,PF,19.6,13.3,1.1,1.9,2.3,2.5,6.8,5.2,0.8,0.8,0.9,1.1
253,Leon Powe,2007.0,California,C,20.5,10.1,1.4,0.9,0.6,2.4,4.2,3.4,0.2,0.2,0.3,0.7
254,Ryan Hollins,2007.0,UCLA,C,7.0,4.8,0.3,0.2,0.9,1.2,2.4,1.1,0.0,0.1,0.3,0.6
255,Hassan Adams,2007.0,Arizona,SG,17.5,5.0,2.9,2.6,0.5,2.2,2.9,1.3,0.2,0.3,0.1,0.4
256,Will Blalock,2007.0,Iowa State,PG,15.4,3.3,6.1,2.2,0.1,3.0,1.8,1.1,1.2,0.4,0.0,0.9
257,Greg Oden,2009.0,Ohio State,C,15.7,9.6,0.7,0.6,3.3,2.0,8.9,7.0,0.5,0.4,1.1,1.4
258,Kevin Durant,2008.0,Texas,SG,25.8,11.1,1.3,1.9,1.9,2.8,20.3,4.4,2.4,1.0,0.9,2.9
259,Al Horford,2008.0,Florida,C,13.2,9.5,2.2,0.7,1.8,1.8,10.1,9.7,1.5,0.7,0.9,1.7
260,Mike Conley,2008.0,Ohio State,PG,11.3,3.4,6.1,2.2,0.3,2.2,9.4,2.6,4.2,0.8,0.0,1.7
261,Jeff Green,2008.0,Georgetown,SF,14.3,6.4,3.2,0.8,1.2,2.6,10.5,4.7,1.5,0.6,0.6,2.0
262,Corey Brewer,2008.0,Florida,SF,13.2,4.7,2.9,1.9,0.4,2.5,5.8,3.7,1.4,1.0,0.3,1.1
263,Brandan Wright,2008.0,UNC,PF,14.7,6.2,1.0,1.0,1.8,1.6,4.0,2.6,0.2,0.2,0.6,0.3
264,Joakim Noah,2008.0,Florida,C,12.0,8.4,2.3,1.1,1.8,2.5,6.6,5.6,1.1,0.9,0.9,1.2
265,Spencer Hawes,2008.0,Washington,C,14.9,6.4,1.9,0.5,1.7,2.5,4.7,3.2,0.6,0.2,0.6,0.8
266,Acie Law,2008.0,Texas A&M,PG,18.1,3.3,5.0,1.1,0.0,2.6,4.2,1.0,2.0,0.5,0.0,1.0
267,Thaddeus Young,2008.0,Georgia Tech,PF,14.4,4.9,2.0,1.3,0.4,2.2,8.2,4.2,0.8,1.0,0.1,0.9
268,Julian Wright,2008.0,Kansas,SF,12.0,7.8,2.2,1.4,1.3,2.4,3.9,2.1,0.7,0.5,0.2,0.6
269,Al Thornton,2008.0,Florida State,PF,19.7,7.2,0.7,1.5,1.1,2.5,12.7,4.5,1.2,0.6,0.5,1.6
270,Rodney Stuckey,2008.0,Eastern Washington,PG,24.6,4.7,5.5,2.4,0.3,3.4,7.6,2.3,2.8,0.9,0.1,1.4
271,Nick Young,2008.0,USC,SG,17.5,4.6,1.4,0.7,0.3,2.4,7.5,1.5,0.8,0.5,0.1,1.3
272,Sean Williams,2008.0,Boston College,C,12.1,6.9,1.2,1.4,5.0,2.3,5.6,4.4,0.4,0.4,1.5,1.0
273,Javaris Crittenton,2008.0,Georgia Tech,SG,14.4,3.7,5.8,2.0,0.1,3.9,5.6,2.2,1.0,0.4,0.0,1.1
274,Jason Smith,2008.0,Colorado State,PF,16.8,10.1,1.9,0.5,1.6,3.4,4.5,3.0,0.3,0.3,0.7,0.6
275,Daequan Cook,2008.0,Ohio State,SG,9.8,4.3,1.0,0.7,0.3,1.4,8.8,3.0,1.3,0.4,0.2,1.1
276,Jared Dudley,2008.0,Boston College,PF,19.0,8.3,3.0,1.4,0.3,2.6,5.8,3.9,1.1,0.8,0.1,0.7
277,Wilson Chandler,2008.0,DePaul,SF,14.6,6.9,1.4,0.6,1.4,1.6,7.3,3.6,0.9,0.4,0.5,0.8
278,Morris Almond,2008.0,Rice,SG,26.4,6.6,1.2,1.2,0.8,3.4,1.4,0.2,0.3,0.1,0.0,0.2
279,Aaron Brooks,2008.0,Oregon,PG,17.7,4.3,4.3,1.4,0.2,2.5,5.2,1.1,1.7,0.3,0.1,0.9
280,Arron Afflalo,2008.0,UCLA,SG,16.9,2.8,1.9,0.6,0.2,1.8,3.7,1.8,0.7,0.4,0.1,0.5
281,Alando Tucker,2008.0,Wisconsin,SF,19.9,5.4,2.0,0.9,0.3,1.7,3.7,1.3,0.0,0.0,0.2,0.0
282,Carl Landry,2008.0,Purdue,PF,18.9,7.3,1.2,1.2,0.9,3.0,8.1,4.9,0.5,0.4,0.2,0.6
283,Gabe Pruitt,2008.0,USC,PG,12.5,2.8,4.3,1.8,0.3,1.8,2.1,0.5,0.9,0.3,0.0,0.3
284,Nick Fazekas,2008.0,Nevada,PF,20.4,11.1,1.8,0.8,1.5,2.0,4.1,3.4,0.4,0.3,0.4,0.5
285,Glen Davis,2008.0,LSU,C,17.7,10.4,2.3,1.1,1.0,2.8,4.5,3.0,0.4,0.4,0.3,0.9
286,Jermareo Davidson,2008.0,Alabama,SF,14.0,8.2,1.5,0.8,2.3,1.7,3.2,1.6,0.3,0.2,0.4,0.4
287,Josh McRoberts,2008.0,Duke,PF,13.0,7.9,3.5,1.2,2.5,2.4,1.5,1.3,0.3,0.1,0.0,0.3
288,Chris Richard,2008.0,Florida,C,6.2,3.7,0.4,0.3,0.3,1.2,1.9,2.6,0.3,0.2,0.2,0.5
289,Derrick Byars,2012.0,Vanderbilt,PF,17.0,4.9,3.4,1.4,0.1,2.4,5.0,5.5,0.5,1.0,0.0,0.0
293,Dominic McGuire,2008.0,Fresno State,SG,13.5,9.8,3.3,0.9,3.6,3.7,1.3,2.0,0.6,0.3,0.4,0.6
294,Aaron Gray,2008.0,Pitt,C,13.9,9.5,1.7,0.4,1.7,1.5,4.3,2.8,0.7,0.3,0.3,0.9
295,JamesOn Curry,2010.0,Oklahoma State,PG,17.3,3.2,3.7,1.2,0.3,3.1,0.0,0.0,0.0,0.0,0.0,0.0
296,Taurean Green,2008.0,Florida,SG-PG,13.3,2.4,3.7,1.1,0.0,2.7,1.6,0.6,0.6,0.1,0.0,0.5
297,Demetris Nichols,2008.0,Syracuse,SF,18.9,5.4,1.5,1.4,1.1,2.2,1.1,0.4,0.1,0.0,0.2,0.3
299,Ramon Sessions,2008.0,Nevada,PG,12.3,4.7,4.7,0.9,0.2,2.5,8.1,3.4,7.5,1.0,0.2,2.1
301,Derrick Rose,2009.0,Memphis,PG,14.9,4.5,4.7,1.2,0.4,2.7,16.8,3.9,6.3,0.8,0.2,2.5
302,Michael Beasley,2009.0,Kansas State,PF,26.2,12.4,1.2,1.3,1.6,2.9,13.9,5.4,1.0,0.5,0.5,1.5
303,Russell Westbrook,2009.0,UCLA,PG,12.7,3.9,4.3,1.6,0.2,2.5,15.3,4.9,5.3,1.3,0.2,3.3
304,Kevin Love,2009.0,UCLA,C,17.5,10.6,1.9,0.7,1.4,2.0,11.1,9.1,1.0,0.4,0.6,1.5
305,Eric Gordon,2009.0,Indiana,SG,20.9,3.3,2.4,1.3,0.6,3.6,16.1,2.6,2.8,1.0,0.4,2.1
306,Joe Alexander,2009.0,West Virginia,SF,16.9,6.4,2.4,0.7,1.5,2.2,4.7,1.9,0.7,0.3,0.5,0.9
307,Brook Lopez,2009.0,Stanford,C,19.3,8.2,1.4,0.6,2.1,2.1,13.0,8.1,1.0,0.5,1.8,1.8
308,Jerryd Bayless,2009.0,Arizona,PG,19.7,2.7,4.0,1.0,0.1,3.0,4.3,1.1,1.5,0.3,0.0,1.1
309,Jason Thompson,2009.0,Rider,PF,20.4,12.1,2.7,1.1,2.7,2.9,11.1,7.4,1.1,0.6,0.7,1.8
310,Brandon Rush,2009.0,Kansas,SG,13.3,5.1,2.1,0.8,0.8,1.8,8.1,3.1,0.9,0.5,0.5,1.0
311,Anthony Randolph,2009.0,LSU,PF,15.6,8.5,1.2,1.1,2.3,3.0,7.9,5.8,0.8,0.7,1.2,1.3
312,Robin Lopez,2009.0,Stanford,C,10.2,5.7,0.6,0.5,2.3,1.8,3.2,2.0,0.1,0.2,0.7,0.5
313,Marreese Speights,2009.0,Florida,C,14.5,8.1,0.9,0.4,1.4,1.7,7.7,3.7,0.4,0.3,0.7,0.6
314,Roy Hibbert,2009.0,Georgetown,C,13.4,6.4,1.9,0.5,2.2,1.7,7.1,3.5,0.7,0.3,1.1,0.8
315,JaVale McGee,2009.0,Nevada,C,14.1,7.3,0.6,0.8,2.8,2.4,6.5,3.9,0.3,0.4,1.0,0.8
316,Ryan Anderson,2009.0,California,PF,21.1,9.9,1.4,0.4,0.5,2.2,7.4,4.7,0.8,0.7,0.3,1.0
317,Courtney Lee,2009.0,Western Kentucky,SG,20.4,4.9,2.1,1.8,0.8,2.3,8.4,2.3,1.2,1.0,0.2,0.9
318,Kosta Koufos,2009.0,Ohio State,C,14.4,6.7,0.5,0.4,1.8,1.5,4.7,2.9,0.4,0.3,0.6,0.5
319,George Hill,2009.0,IUPUI,PG,21.5,6.8,4.3,1.8,0.4,2.9,5.7,2.1,1.8,0.6,0.3,1.0
320,Darrell Arthur,2009.0,Kansas,PF,12.8,6.3,0.8,0.5,1.3,1.9,5.6,4.6,0.6,0.7,0.7,0.6
321,Walter Sharpe,2009.0,Alabama-Birmingham,PF,14.2,6.8,1.7,1.2,1.8,2.8,1.0,0.4,0.0,0.0,0.3,0.0
322,Joey Dorsey,2009.0,Memphis,PF,6.9,9.5,0.5,1.1,1.9,1.1,0.7,0.3,0.3,0.0,0.0,0.0
323,Mario Chalmers,2009.0,Kansas,PG,12.8,3.1,4.3,2.5,0.6,1.9,10.0,2.8,4.9,2.0,0.1,2.0
324,DeAndre Jordan,2009.0,Texas A&M,C,7.9,6.0,0.4,0.2,1.3,1.6,4.3,4.5,0.2,0.2,1.1,0.8
325,Kyle Weaver,2009.0,Washington State,SG,12.2,5.3,4.3,1.7,0.7,2.8,5.3,2.3,1.8,0.8,0.4,1.2
326,Sonny Weems,2009.0,Arkansas,SG,15.0,4.5,2.6,1.3,0.2,2.8,1.6,0.3,0.3,0.1,0.0,0.5
327,Chris Douglas-Roberts,2009.0,Memphis,SG,18.1,4.1,1.8,1.2,0.5,2.1,4.9,1.1,1.2,0.3,0.2,0.7
328,Sean Singletary,2009.0,Virginia,PG,19.8,3.8,6.1,1.8,0.0,3.9,2.4,0.9,0.8,0.3,0.0,0.6
330,Malik Hairston,2009.0,Oregon,SG,16.3,4.8,2.1,0.6,0.8,1.8,3.3,1.9,0.9,0.4,0.5,0.8
334,Darnell Jackson,2009.0,Kansas,PF,11.2,6.7,1.1,0.8,0.5,1.3,1.9,1.7,0.2,0.2,0.1,0.3
336,Sasha Kaun,2016.0,Kansas,C,7.1,3.9,0.3,0.4,1.2,0.8,0.9,1.0,0.1,0.2,0.2,0.3
338,Joe Crawford,2009.0,Kentucky,SF,17.9,3.6,2.1,0.6,0.2,2.8,4.5,2.0,0.5,0.5,0.0,0.0
340,Blake Griffin,2011.0,Oklahoma,PF,22.7,14.4,2.3,1.1,1.2,3.3,22.5,12.1,3.8,0.8,0.5,2.7
341,Hasheem Thabeet,2010.0,UConn,C,13.6,10.8,0.5,0.6,4.2,1.9,3.1,3.6,0.2,0.2,1.3,0.6
342,James Harden,2010.0,Arizona State,SG,20.1,5.6,4.2,1.7,0.3,3.4,9.9,3.2,1.8,1.1,0.3,1.4
343,Tyreke Evans,2010.0,Memphis,SG,17.1,5.4,3.9,2.1,0.8,3.6,20.1,5.3,5.8,1.5,0.4,3.0
344,Jonny Flynn,2010.0,Syracuse,PG,17.4,2.7,6.7,1.4,0.2,3.4,13.5,2.4,4.4,1.0,0.0,2.9
345,Stephen Curry,2010.0,Davidson,PG,28.6,4.4,5.6,2.5,0.2,3.7,17.5,4.5,5.9,1.9,0.2,3.0
346,Jordan Hill,2010.0,Arizona,PF,18.3,11.0,1.5,0.9,1.7,2.9,5.2,3.7,0.4,0.3,0.4,0.6
347,DeMar DeRozan,2010.0,USC,SG,13.9,5.7,1.5,0.9,0.4,2.1,8.6,2.9,0.7,0.6,0.2,0.8
348,Terrence Williams,2010.0,Louisville,SF,12.5,8.6,5.0,2.3,0.8,2.3,8.4,4.5,2.9,0.6,0.1,1.6
349,Tyler Hansbrough,2010.0,UNC,PF,20.7,8.1,1.0,1.2,0.4,1.9,8.5,4.8,1.0,0.6,0.3,0.7
350,Earl Clark,2010.0,Louisville,PF,14.2,8.7,3.2,1.0,1.4,3.2,2.7,1.2,0.4,0.1,0.3,0.5
351,Austin Daye,2010.0,Gonzaga,SF,12.7,6.8,1.1,0.7,2.1,2.1,5.1,2.5,0.5,0.4,0.4,0.7
352,James Johnson,2010.0,Quinnipiac,PF,9.8,3.7,4.1,1.5,0.1,2.8,3.9,2.0,0.7,0.3,0.7,1.0
353,Jrue Holiday,2010.0,UCLA,PG,8.5,3.8,3.7,1.6,0.5,2.1,8.0,2.6,3.8,1.1,0.2,2.1
354,Ty Lawson,2010.0,UNC,PG,16.6,3.0,6.6,2.1,0.1,1.9,8.3,1.9,3.1,0.7,0.0,1.3
355,Jeff Teague,2010.0,Wake Forest,PG,18.8,3.3,3.5,1.9,0.6,3.4,3.2,0.9,1.7,0.5,0.2,0.7
356,Eric Maynor,2010.0,VCU,PG,22.4,3.6,6.2,1.7,0.2,3.0,4.7,1.6,3.3,0.5,0.1,1.0
357,Darren Collison,2010.0,UCLA,PG,14.4,2.4,4.7,1.6,0.1,2.5,12.4,2.5,5.7,1.0,0.1,2.7
358,Taj Gibson,2010.0,USC,PF,14.3,9.0,1.3,1.0,2.9,2.1,9.0,7.5,0.9,0.6,1.3,1.4
359,DeMarre Carroll,2010.0,Missouri,SF,16.6,7.2,2.2,1.6,0.7,1.5,2.9,2.1,0.5,0.4,0.1,0.3
360,Wayne Ellington,2010.0,UNC,SG,15.8,4.9,2.7,0.9,0.2,1.6,6.6,2.1,1.0,0.3,0.1,1.0
361,Toney Douglas,2010.0,Florida State,PG,21.5,3.9,2.9,1.8,0.4,2.5,8.6,1.9,2.0,0.8,0.1,1.0
362,Jermaine Taylor,2010.0,UCF,SG,26.2,5.2,1.9,1.3,0.8,2.8,4.1,1.5,0.5,0.3,0.1,0.6
363,Dante Cunningham,2010.0,Villanova,PF,16.1,7.5,1.2,1.2,1.2,2.2,3.9,2.5,0.2,0.4,0.3,0.2
364,DaJuan Summers,2010.0,Georgetown,SF,13.6,4.1,1.3,1.1,0.7,2.6,3.0,1.0,0.4,0.2,0.2,0.4
365,Sam Young,2010.0,Pitt,SF,19.2,6.3,1.1,1.0,0.8,2.4,7.4,2.5,0.7,0.4,0.3,1.2
366,DeJuan Blair,2010.0,Pitt,PF,15.7,12.3,1.2,1.5,1.0,1.3,7.8,6.4,0.8,0.6,0.5,1.4
367,Jon Brockman,2010.0,Washington,PF,14.9,11.5,1.1,0.9,0.1,1.9,2.8,4.1,0.4,0.3,0.1,0.4
368,Derrick Brown,2010.0,Xavier,SF,13.7,6.1,1.9,0.7,0.9,1.7,3.3,1.4,0.3,0.4,0.2,0.3
369,Jodie Meeks,2010.0,Kentucky,SG,23.7,3.4,1.8,1.3,0.1,2.7,4.7,1.7,0.7,0.3,0.1,0.4
370,Marcus Thornton,2010.0,LSU,SG,21.1,5.5,2.1,1.6,0.4,1.8,14.5,2.9,1.6,0.8,0.2,1.0
371,Chase Budinger,2010.0,Arizona,SF,18.0,6.2,3.4,1.4,0.5,2.4,8.9,3.0,1.2,0.5,0.1,0.6
372,Nick Calathes,2014.0,Florida,SG,17.2,5.3,6.4,1.9,0.2,3.3,4.9,1.9,2.9,0.9,0.1,1.4
373,Danny Green,2010.0,UNC,SG,13.1,4.7,2.7,1.8,1.3,1.7,2.0,0.9,0.3,0.3,0.2,0.3
374,Taylor Griffin,2010.0,Oklahoma,SF,9.6,5.8,1.3,1.3,1.0,1.7,1.3,0.3,0.1,0.0,0.3,0.1
379,Lester Hudson,2010.0,UT-Martin,PG,27.5,7.9,4.2,2.3,0.6,3.3,2.3,0.7,0.5,0.3,0.1,0.6
382,John Wall,2011.0,Kentucky,PG,16.6,4.3,6.5,1.8,0.5,4.0,16.4,4.6,8.3,1.8,0.5,3.8
383,Evan Turner,2011.0,Ohio State,SG,20.4,9.2,6.0,1.7,0.9,4.4,7.2,3.9,2.0,0.6,0.2,1.0
384,Derrick Favors,2011.0,Georgia Tech,PF,12.4,8.4,1.0,0.9,2.1,2.5,6.8,5.3,0.5,0.4,0.9,1.0
385,DeMarcus Cousins,2011.0,Kentucky,C,15.1,9.8,1.0,1.0,1.8,2.1,14.1,8.6,2.5,1.0,0.8,3.3
386,Ekpe Udoh,2011.0,Baylor,C,13.9,9.8,2.7,0.8,3.7,2.4,4.1,3.1,0.7,0.4,1.5,0.8
387,Greg Monroe,2011.0,Georgetown,C,16.1,9.6,3.8,1.2,1.5,3.3,9.4,7.5,1.3,1.2,0.6,1.0
388,Al-Farouq Aminu,2011.0,Wake Forest,SF,15.8,10.7,1.3,1.4,1.4,3.2,5.6,3.3,0.7,0.7,0.3,1.3
389,Gordon Hayward,2011.0,Butler,SF,15.5,8.2,1.7,1.1,0.8,2.3,5.4,1.9,1.1,0.4,0.3,1.0
390,Paul George,2011.0,Fresno State,SG,16.8,7.2,3.0,2.2,0.8,3.2,7.8,3.7,1.1,1.0,0.4,1.1
391,Cole Aldrich,2011.0,Kansas,C,11.3,9.8,0.9,0.8,3.5,1.6,1.0,1.9,0.2,0.3,0.4,0.4
392,Xavier Henry,2011.0,Kansas,SG,13.4,4.4,1.5,1.5,0.5,1.9,4.3,1.0,0.5,0.3,0.1,0.3
393,Ed Davis,2011.0,UNC,PF,13.4,9.6,1.0,0.4,2.8,2.0,7.7,7.1,0.6,0.6,1.0,0.7
394,Patrick Patterson,2011.0,Kentucky,PF,14.3,7.4,0.9,0.7,1.3,1.1,6.3,3.8,0.8,0.3,0.7,0.6
395,Larry Sanders,2011.0,VCU,C,14.4,9.1,1.0,0.7,2.6,1.7,4.3,3.0,0.3,0.4,1.2,0.6
396,Luke Babbitt,2011.0,Nevada,SF,21.9,8.9,2.1,1.0,0.8,2.4,1.5,1.3,0.3,0.1,0.1,0.3
397,Eric Bledsoe,2011.0,Kentucky,PG,11.3,3.1,2.9,1.4,0.3,3.0,6.7,2.8,3.6,1.1,0.3,2.4
398,Avery Bradley,2011.0,Texas,PG,11.6,2.9,2.1,1.3,0.5,1.5,1.7,0.5,0.4,0.3,0.0,0.5
399,James Anderson,2011.0,BYU,SF,1.2,1.0,0.1,0.1,0.2,0.2,3.6,0.9,0.7,0.1,0.2,0.5
400,Craig Brackins,2011.0,Iowa State,PF,16.5,8.5,2.2,0.8,1.2,2.1,2.7,1.3,0.3,0.3,0.0,0.0
401,Elliot Williams,2012.0,Memphis,SG,17.9,4.0,3.8,1.3,0.1,2.9,3.7,0.8,0.3,0.3,0.1,0.2
402,Trevor Booker,2011.0,Clemson,PF,15.2,8.4,2.5,1.3,1.4,1.9,5.3,3.9,0.5,0.4,0.6,0.6
403,Damion James,2011.0,Texas,SF,18.0,10.3,1.0,1.7,1.2,2.0,4.4,3.4,0.8,0.6,0.5,1.0
404,Dominique Jones,2011.0,South Florida,SG,21.4,6.1,3.6,1.7,0.6,2.9,2.3,1.4,1.1,0.3,0.2,0.6
405,Quincy Pondexter,2011.0,Washington,SF,19.3,7.4,1.8,1.3,0.6,1.9,2.8,1.3,0.4,0.3,0.2,0.2
406,Jordan Crawford,2011.0,Xavier,SG,20.5,4.7,2.9,1.3,0.2,2.4,11.7,2.5,2.8,0.9,0.1,2.0
407,Daniel Orton,2012.0,Kentucky,PF,3.4,3.3,0.4,0.6,1.4,1.0,2.8,2.4,0.3,0.5,0.6,0.4
408,Lazar Hayward,2011.0,Marquette,SF,18.1,7.5,1.5,1.9,0.5,2.0,3.8,1.7,0.7,0.3,0.2,0.5
409,Dexter Pittman,2011.0,Texas,C,10.4,5.9,0.5,0.4,1.9,1.8,1.0,1.5,0.0,0.0,0.0,1.0
410,Hassan Whiteside,2011.0,Marshall,C,13.1,8.9,0.3,0.6,5.4,1.9,0.0,0.0,0.0,0.0,0.0,0.0
411,Armon Johnson,2011.0,Nevada,PG,15.7,3.4,5.6,0.8,0.4,3.4,2.9,0.9,1.2,0.1,0.0,1.0
413,Darington Hobson,2012.0,New Mexico,SG,15.9,9.3,4.6,1.3,0.4,3.0,0.8,0.6,1.2,0.0,0.0,0.4
414,Andy Rautins,2011.0,Syracuse,SG,12.1,3.4,4.9,2.0,0.2,2.8,1.6,0.2,0.6,0.2,0.0,1.4
415,Landry Fields,2011.0,Stanford,SG,22.0,8.8,2.8,1.6,0.8,2.6,9.7,6.4,1.9,1.0,0.2,1.3
416,Lance Stephenson,2011.0,Cincinnati,SG,12.3,5.4,2.5,0.9,0.2,2.4,3.1,1.5,1.8,0.3,0.0,1.3
417,Jarvis Varnado,2013.0,Mississippi State,PF,13.8,10.3,0.9,0.7,4.7,2.0,0.6,0.7,0.2,0.1,0.2,0.5
418,Devin Ebanks,2011.0,West Virginia,SG,12.0,8.1,2.4,1.1,0.7,2.2,3.1,1.4,0.1,0.2,0.3,0.3
419,Jerome Jordan,2012.0,Tulsa,C,15.4,9.1,1.3,0.5,2.3,2.3,2.0,1.3,0.2,0.0,0.3,0.1
420,Gani Lawal,2011.0,Georgia Tech,PF,13.1,8.5,0.4,0.4,1.4,2.2,0.0,0.0,0.0,0.0,0.0,0.0
422,Solomon Alabi,2011.0,Florida State,C,11.7,6.2,0.5,0.6,2.3,1.9,0.5,1.2,0.2,0.2,0.2,0.3
424,Luke Harangody,2011.0,Notre Dame,PF,21.8,9.1,1.6,0.5,0.7,1.8,3.9,2.9,0.6,0.3,0.3,0.3
425,Willie Warren,2011.0,Oklahoma,PG,16.3,3.3,4.1,1.0,0.0,3.8,1.9,0.6,1.4,0.3,0.0,0.4
426,Jeremy Evans,2011.0,Western Kentucky,SF,10.0,6.9,0.7,0.8,1.8,1.1,3.6,2.0,0.5,0.3,0.3,0.4
427,Ryan Reid,2012.0,Florida State,PF,6.8,4.0,1.1,0.6,0.5,1.6,1.6,0.4,0.0,0.0,0.0,0.2
428,Derrick Caracter,2011.0,UTEP,C,14.1,8.1,1.1,1.0,0.9,2.9,2.0,1.0,0.2,0.1,0.2,0.5
431,Kyrie Irving,2012.0,Duke,PG,17.5,3.4,4.3,1.5,0.5,2.5,18.5,3.7,5.4,1.1,0.4,3.1
432,Tristan Thompson,2012.0,North Texas,PF,18.0,3.2,1.8,0.7,0.1,2.2,8.2,6.5,0.5,0.5,1.0,1.4
433,Brandon Knight,2012.0,Kentucky,PG,17.3,4.0,4.2,0.7,0.2,3.2,12.8,3.2,3.8,0.7,0.2,2.6
434,Kemba Walker,2012.0,UConn,PG,23.5,5.4,4.5,1.9,0.2,2.3,12.1,3.5,4.4,0.9,0.3,1.8
435,Jimmer Fredette,2012.0,BYU,PG,28.9,3.4,4.3,1.3,0.0,3.5,7.6,1.2,1.8,0.5,0.0,1.1
436,Klay Thompson,2012.0,Washington State,SG,21.6,5.2,3.7,1.6,0.9,3.4,12.5,2.4,2.0,0.7,0.3,1.6
437,Alec Burks,2012.0,Colorado,SG,20.5,6.5,2.9,1.1,0.3,2.6,7.2,2.2,0.9,0.5,0.1,0.9
438,Markieff Morris,2012.0,Kansas,PF,13.6,8.3,1.4,0.8,1.1,2.1,7.4,4.4,1.0,0.7,0.7,1.1
439,Marcus Morris,2012.0,Kansas,PF,17.2,7.6,1.6,0.8,0.6,1.8,2.4,0.9,0.2,0.1,0.1,0.2
440,Kawhi Leonard,2012.0,San Diego State,SF,15.5,10.6,2.5,1.4,0.6,2.1,7.9,5.1,1.1,1.3,0.4,0.7
441,Iman Shumpert,2012.0,Georgia Tech,PG,17.3,5.9,3.5,2.7,0.2,2.3,9.5,3.2,2.8,1.7,0.1,1.9
442,Chris Singleton,2012.0,Florida State,SF,13.1,6.8,1.2,2.0,1.5,2.2,4.6,3.5,0.7,1.1,0.5,0.6
443,Tobias Harris,2012.0,Tennessee,SF,15.3,7.3,1.3,0.7,0.9,1.8,5.0,2.4,0.5,0.3,0.2,0.7
444,Nolan Smith,2012.0,Duke,PG,20.6,4.5,5.1,1.2,0.1,3.2,3.8,1.3,1.4,0.4,0.1,1.0
445,Kenneth Faried,2012.0,Morehead State,PF,17.3,14.5,1.1,1.9,2.3,2.6,10.2,7.7,0.8,0.7,1.0,1.2
446,Reggie Jackson,2012.0,Boston College,PG,18.2,4.3,4.5,1.1,0.5,2.4,3.1,1.2,1.6,0.6,0.0,0.8
447,MarShon Brooks,2012.0,Providence,SG,24.6,7.0,2.5,1.5,1.2,3.1,12.6,3.6,2.3,0.9,0.3,2.1
448,Jordan Hamilton,2012.0,Lehigh,SF,5.0,1.9,0.4,0.3,0.5,0.9,4.4,2.4,0.8,0.2,0.1,0.6
449,JaJuan Johnson,2012.0,Purdue,PF,20.5,8.6,1.0,0.9,2.3,1.6,3.2,1.6,0.2,0.1,0.4,0.4
450,Norris Cole,2012.0,Cleveland State,PG,21.7,5.8,5.3,2.2,0.1,2.7,6.8,1.4,2.0,0.7,0.0,1.6
451,Cory Joseph,2012.0,Texas,PG,10.4,3.6,3.0,1.0,0.3,1.5,2.0,0.9,1.2,0.2,0.1,0.4
452,Jimmy Butler,2012.0,Marquette,SG,15.7,6.1,2.3,1.4,0.4,1.5,2.6,1.3,0.3,0.3,0.1,0.3
453,Justin Harper,2012.0,Richmond,PF,17.9,6.9,1.2,0.6,1.2,1.5,1.4,0.9,0.1,0.1,0.2,0.4
454,Kyle Singler,2013.0,Duke,SF,16.9,6.8,1.6,0.9,0.3,1.9,8.8,4.0,0.9,0.7,0.5,1.2
455,Shelvin Mack,2012.0,Butler,PG,16.0,4.5,3.4,0.8,0.1,2.4,3.6,1.4,2.0,0.4,0.0,0.8
456,Tyler Honeycutt,2012.0,UCLA,SF,12.8,7.2,2.8,0.9,2.0,3.0,1.3,0.9,0.5,0.3,0.2,0.1
457,Jordan Williams,2012.0,Maryland,C,16.9,11.8,0.6,0.7,1.4,1.6,4.6,3.6,0.3,0.5,0.3,0.5
458,Trey Thompkins,2012.0,Georgia,C,16.4,7.6,1.4,1.1,1.7,2.5,2.4,1.0,0.1,0.1,0.1,0.3
459,Chandler Parsons,2012.0,Florida,SF,11.3,7.8,3.8,0.9,0.4,2.3,9.5,4.8,2.1,1.2,0.5,1.3
460,Jon Leuer,2012.0,Wisconsin,PF,18.3,7.2,1.6,0.5,0.9,1.6,4.7,2.6,0.5,0.3,0.4,0.4
461,Darius Morris,2012.0,Michigan,PG,15.0,4.0,6.7,1.0,0.0,2.9,2.4,0.8,1.1,0.1,0.0,1.0
462,Malcolm Lee,2012.0,UCLA,SG,13.1,3.1,2.0,0.7,0.2,1.7,3.3,1.4,1.6,0.4,0.2,0.9
463,Charles Jenkins,2012.0,Hofstra,PG,22.6,3.4,4.8,1.7,0.7,2.2,5.8,1.3,3.3,0.6,0.1,1.2
464,Josh Harrellson,2012.0,Kentucky,PF,7.6,8.7,0.8,0.9,1.5,0.7,4.4,3.9,0.3,0.6,0.5,0.5
465,Andrew Goudelock,2012.0,College of Charleston,SG,23.7,3.9,4.2,0.9,0.2,3.2,4.4,0.8,0.5,0.1,0.0,0.5
466,Travis Leslie,2012.0,Georgia,SG,14.4,7.2,2.9,1.2,0.6,2.2,1.4,0.9,0.5,0.2,0.2,0.2
467,Keith Benson,2012.0,Oakland,C,17.9,10.1,1.1,0.8,3.6,1.9,0.0,1.0,0.0,0.0,0.0,0.0
468,Josh Selby,2012.0,Kansas,PG,7.9,2.2,2.2,0.8,0.0,2.0,2.3,0.5,1.1,0.3,0.0,1.0
469,Lavoy Allen,2012.0,Temple,PF,11.6,8.6,2.3,0.7,1.8,1.6,4.1,4.2,0.8,0.3,0.4,0.5
471,Vernon Macklin,2012.0,Florida,C,11.6,5.4,0.8,0.4,0.7,1.7,2.0,1.5,0.2,0.2,0.2,0.1
472,DeAndre Liggins,2012.0,Kentucky,SF,8.6,4.0,2.5,1.2,0.7,1.4,1.9,0.9,0.3,0.4,0.0,0.6
473,Isaiah Thomas,2012.0,Washington,PG,16.8,3.5,6.1,1.3,0.1,3.0,11.5,2.6,4.1,0.8,0.1,1.6
474,Michael Kidd-Gilchrist,2013.0,Kentucky,SF,11.9,7.4,1.9,1.0,0.9,2.2,9.0,5.8,1.5,0.7,0.9,1.3
475,Bradley Beal,2013.0,Florida,SG,14.8,6.7,2.2,1.4,0.8,2.1,13.9,3.8,2.4,0.9,0.5,1.6
476,Dion Waiters,2013.0,Syracuse,SG,12.6,2.3,2.5,1.8,0.3,1.3,14.7,2.4,3.0,1.0,0.3,2.0
477,Damian Lillard,2013.0,Weber State,PG,24.5,5.0,4.0,1.5,0.2,2.3,19.0,3.1,6.5,0.9,0.2,3.0
478,Harrison Barnes,2013.0,UNC,SF,17.1,5.2,1.1,1.1,0.3,1.9,9.2,4.1,1.2,0.6,0.2,1.2
479,Terrence Ross,2013.0,Washington,SG,16.4,6.4,1.4,1.3,0.9,2.0,6.4,2.0,0.7,0.6,0.2,0.7
480,Andre Drummond,2013.0,UConn,C,10.0,7.6,0.4,0.8,2.7,1.5,7.9,7.6,0.5,1.0,1.6,1.0
481,Austin Rivers,2013.0,Duke,SG,15.5,3.4,2.1,1.0,0.0,2.3,6.2,1.8,2.1,0.4,0.1,1.2
482,Meyers Leonard,2013.0,Illinois,C,13.6,8.2,1.3,0.5,1.9,2.1,5.5,3.7,0.5,0.2,0.6,0.7
483,Jeremy Lamb,2013.0,UConn,SF,17.7,4.9,1.7,1.2,0.6,2.0,3.1,0.8,0.2,0.1,0.1,0.3
484,Kendall Marshall,2013.0,UNC,PG,8.1,2.6,9.8,1.2,0.2,2.8,3.0,0.9,3.0,0.5,0.1,1.2
485,John Henson,2013.0,UNC,PF,13.7,9.9,1.3,0.6,2.9,1.3,6.0,4.7,0.5,0.3,0.7,0.7
486,Maurice Harkless,2013.0,St. John's (NY),SF,15.5,8.6,1.5,1.6,1.4,2.5,8.2,4.4,0.7,1.2,0.8,0.9
487,Royce White,2014.0,Iowa State,PF,13.4,9.3,5.0,1.2,0.9,3.8,0.0,0.0,0.0,0.0,0.0,0.0
488,Tyler Zeller,2013.0,UNC,C,16.3,9.6,0.9,0.9,1.5,1.9,7.9,5.7,1.2,0.5,0.9,1.2
489,Terrence Jones,2013.0,Kentucky,PF,12.3,7.2,1.3,1.3,1.8,1.6,5.5,3.4,0.8,0.6,1.0,0.7
490,Andrew Nicholson,2013.0,St. Bonaventure,PF,18.5,8.4,1.0,0.7,2.0,2.5,7.8,3.4,0.6,0.3,0.4,1.1
491,Jared Sullinger,2013.0,Ohio State,PF,17.5,9.2,1.2,1.2,1.1,1.9,6.0,5.9,0.8,0.5,0.5,0.6
492,Fab Melo,2013.0,Syracuse,C,7.8,5.8,0.7,0.5,2.9,1.4,1.2,0.5,0.0,0.3,0.3,0.2
493,John Jenkins,2013.0,Vanderbilt,SG,19.9,2.9,1.2,0.8,0.3,1.6,6.1,1.5,0.9,0.2,0.2,0.7
494,Tony Wroten,2013.0,Washington,SG,16.0,5.0,3.7,1.9,0.4,3.8,2.6,0.8,1.2,0.2,0.1,0.8
495,Miles Plumlee,2013.0,Duke,C,6.6,7.1,0.5,0.5,0.9,1.2,0.9,1.6,0.1,0.0,0.2,0.2
496,Arnett Moultrie,2013.0,Mississippi State,PF,16.4,10.5,1.2,0.8,0.8,2.4,3.7,3.1,0.2,0.4,0.2,0.4
497,Perry Jones,2013.0,Baylor,SF,13.5,7.6,1.3,0.8,0.6,1.7,2.3,1.6,0.3,0.1,0.2,0.4
498,Marquis Teague,2013.0,Kentucky,PG,10.0,2.5,4.8,0.9,0.3,2.7,2.1,0.9,1.3,0.2,0.1,0.7
499,Festus Ezeli,2013.0,Vanderbilt,C,10.1,5.9,0.3,0.4,2.0,2.2,2.4,4.0,0.3,0.3,0.9,0.8
500,Jeffery Taylor,2013.0,Vanderbilt,SF,16.1,5.6,1.7,1.3,0.4,2.2,6.1,1.9,0.8,0.6,0.2,0.6
501,Jae Crowder,2013.0,Marquette,SF,17.5,8.4,2.1,2.5,1.0,1.3,5.0,2.4,1.2,0.8,0.2,0.6
502,Draymond Green,2013.0,Michigan State,SF,16.2,10.6,3.8,1.5,0.9,3.0,2.9,3.3,0.7,0.5,0.3,0.6
503,Orlando Johnson,2013.0,UCSB,SG,19.7,5.8,2.9,1.1,0.7,2.5,4.0,2.2,0.9,0.2,0.2,0.6
504,Quincy Acy,2013.0,Baylor,PF,12.0,7.4,1.0,0.9,1.8,1.9,4.0,2.7,0.4,0.4,0.5,0.6
505,Quincy Miller,2013.0,Baylor,PF,10.6,4.9,1.4,0.7,0.6,1.8,1.3,0.3,0.4,0.1,0.0,0.1
506,Khris Middleton,2013.0,Texas A&M,SG,13.2,5.0,2.3,1.0,0.3,2.2,6.1,1.9,1.0,0.6,0.1,0.4
507,Will Barton,2013.0,Memphis,SG,18.0,8.0,2.9,1.4,0.7,2.1,4.0,2.0,0.8,0.5,0.1,0.8
508,Tyshawn Taylor,2013.0,Kansas,PG,16.6,2.3,4.8,1.3,0.2,3.5,2.2,0.5,0.6,0.3,0.0,0.7
509,Doron Lamb,2013.0,Kentucky,SG,13.7,2.7,1.5,0.5,0.1,1.1,3.3,1.0,0.7,0.3,0.0,0.6
510,Kim English,2013.0,Missouri,SG,14.5,4.2,1.6,1.3,0.3,1.7,2.9,0.9,0.6,0.4,0.1,0.5
511,Darius Miller,2013.0,Kentucky,SF,9.9,2.8,2.1,0.8,0.3,1.5,2.3,1.5,0.8,0.3,0.2,0.4
512,Kevin Murphy,2013.0,Tennessee Tech,SG,20.6,5.2,2.3,0.8,0.2,3.3,0.9,0.2,0.1,0.1,0.0,0.2
513,Kris Joseph,2013.0,Syracuse,SF,13.4,4.7,1.5,1.4,0.6,1.5,0.9,0.7,0.1,0.3,0.0,0.2
514,Darius Johnson-Odom,2013.0,Marquette,SG,18.3,3.5,2.7,0.9,0.1,2.4,0.0,1.0,0.3,0.0,0.0,0.0
515,Robbie Hummel,2014.0,Purdue,SF,16.4,7.2,1.9,0.7,1.2,0.9,3.4,2.5,0.4,0.3,0.0,0.2
517,Robert Sacre,2013.0,Gonzaga,C,11.6,6.3,0.7,0.4,1.4,1.8,1.3,1.1,0.2,0.0,0.3,0.3
518,Anthony Bennett,2014.0,UNLV,PF,16.1,8.1,1.0,0.7,1.2,1.9,4.2,3.0,0.3,0.4,0.2,0.9
519,Victor Oladipo,2014.0,Indiana,PG,13.6,6.3,2.1,2.2,0.8,2.3,13.8,4.1,4.1,1.6,0.5,3.2
520,Otto Porter,2014.0,Georgetown,SF,16.2,7.5,2.7,1.8,0.9,1.5,2.1,1.5,0.3,0.2,0.0,0.4
521,Cody Zeller,2014.0,Indiana,C,16.5,8.0,1.3,1.0,1.3,2.3,6.0,4.3,1.1,0.5,0.5,1.1
522,Alex Len,2014.0,Maryland,C,11.9,7.8,1.0,0.2,2.1,1.6,2.0,2.4,0.1,0.1,0.4,0.6
523,Nerlens Noel,2015.0,Kentucky,C,10.5,9.5,1.6,2.1,4.4,1.9,9.9,8.1,1.7,1.8,1.9,1.9
524,Ben McLemore,2014.0,Kansas,SG,15.9,5.2,2.0,1.0,0.7,2.1,8.8,2.9,1.0,0.5,0.2,1.2
525,Kentavious Caldwell-Pope,2014.0,Georgia,SG,18.5,7.1,1.8,2.0,0.5,2.0,5.9,2.0,0.7,0.9,0.2,0.4
526,Trey Burke,2014.0,Michigan,PG,18.6,3.2,6.7,1.6,0.5,2.2,12.8,3.0,5.7,0.6,0.1,1.9
527,CJ McCollum,2014.0,Lehigh,SG,23.9,5.0,2.9,1.4,0.3,2.7,5.3,1.3,0.7,0.4,0.1,0.9
528,Michael Carter-Williams,2014.0,Syracuse,PG,11.9,5.0,7.3,2.7,0.5,3.5,16.7,6.2,6.3,1.9,0.6,3.5
529,Steven Adams,2014.0,Pitt,C,7.2,6.3,0.6,0.7,2.0,1.1,3.3,4.1,0.5,0.5,0.7,0.9
530,Kelly Olynyk,2014.0,Gonzaga,C,17.8,7.3,1.7,0.7,1.1,2.4,8.7,5.2,1.6,0.5,0.4,1.5
531,Shabazz Muhammad,2014.0,UCLA,SG,17.9,5.2,0.8,0.7,0.1,1.6,3.9,1.4,0.2,0.2,0.0,0.4
532,Shane Larkin,2014.0,Miami (FL),PG,14.5,3.8,4.6,2.0,0.1,2.3,2.8,0.9,1.5,0.5,0.0,0.8
533,Tony Snell,2014.0,New Mexico,SG,12.5,2.6,2.9,0.8,0.5,2.1,4.5,1.6,0.9,0.4,0.2,0.6
534,Gorgui Dieng,2014.0,Louisville,C,9.8,9.4,2.0,1.3,2.5,1.8,4.8,5.0,0.7,0.5,0.8,0.9
535,Mason Plumlee,2014.0,Duke,C,17.1,9.9,1.9,1.0,1.4,2.9,7.4,4.4,0.9,0.7,0.8,1.1
536,Solomon Hill,2014.0,Arizona,SF,13.4,5.3,2.7,1.1,0.6,2.2,1.7,1.5,0.4,0.2,0.1,0.5
537,Andre Roberson,2014.0,Colorado,SG,10.9,11.2,1.4,2.2,1.3,2.4,1.9,2.4,0.4,0.5,0.3,0.5
538,Archie Goodwin,2014.0,Kentucky,SG,14.1,4.6,2.7,1.1,0.5,3.1,3.7,1.7,0.4,0.4,0.2,0.8
539,Allen Crabbe,2014.0,California,SG,18.4,6.1,2.6,1.1,0.7,2.5,2.2,0.6,0.4,0.1,0.1,0.2
540,Carrick Felix,2014.0,Arizona State,SG,14.6,8.1,1.6,1.4,1.1,2.0,2.7,0.9,0.6,0.0,0.0,0.6
541,Isaiah Canaan,2014.0,Murray State,PG,21.8,3.5,4.3,1.5,0.1,3.2,4.6,1.1,1.0,0.4,0.2,1.0
542,Nate Wolters,2014.0,South Dakota State,PG,22.3,5.6,5.8,1.7,0.1,2.3,7.2,2.6,3.2,0.6,0.3,1.0
543,Jeff Withey,2014.0,Kansas,C,13.7,8.5,0.9,0.8,3.9,2.0,3.3,2.6,0.4,0.3,0.9,0.3
544,Grant Jerrett,2015.0,Arizona,PF,5.2,3.6,0.5,0.5,1.0,0.6,2.0,1.1,0.4,0.3,0.3,0.4
545,Jamaal Franklin,2014.0,San Diego State,SG,16.9,9.5,3.3,1.6,0.8,3.4,1.9,1.1,0.3,0.2,0.1,0.5
546,Pierre Jackson,2017.0,Baylor,PG,19.8,3.8,7.1,1.5,0.0,3.4,4.4,1.1,2.4,0.3,0.0,0.4
547,Mike Muscala,2014.0,Bucknell,PF,18.7,11.1,2.3,0.5,2.4,1.7,3.8,2.6,0.4,0.2,0.5,0.6
548,Erick Green,2015.0,Virginia Tech,PG,25.0,4.0,3.8,1.3,0.2,2.2,3.4,0.7,0.9,0.3,0.0,0.3
549,Erik Murphy,2014.0,Florida,C,12.2,5.5,1.4,0.6,0.7,1.4,0.3,0.3,0.1,0.0,0.2,0.1
550,James Ennis,2015.0,Long Beach State,SF,16.5,6.7,2.1,1.8,1.3,3.0,5.0,2.8,0.8,0.4,0.3,0.6
552,Lorenzo Brown,2014.0,NC State,PG,12.4,4.3,7.2,2.0,0.6,3.5,2.5,1.1,1.6,0.5,0.1,0.6
555,Peyton Siva,2014.0,Louisville,SG,10.0,2.4,5.7,2.3,0.2,2.7,2.3,0.6,1.4,0.4,0.0,0.8
558,Andrew Wiggins,2015.0,Kansas,SF,17.1,5.9,1.5,1.2,1.0,2.3,16.9,4.6,2.1,1.0,0.6,2.2
559,Jabari Parker,2015.0,Duke,PF,19.1,8.7,1.2,1.1,1.2,2.3,12.3,5.5,1.7,1.2,0.2,1.9
560,Joel Embiid,2017.0,Kansas,C,11.2,8.1,1.4,0.9,2.6,2.4,20.2,7.8,2.1,0.9,2.5,3.8
561,Aaron Gordon,2015.0,Arizona,PF,12.4,8.0,2.0,0.9,1.0,1.4,5.2,3.6,0.7,0.4,0.5,0.8
562,Marcus Smart,2015.0,Oklahoma State,PG,18.0,5.9,4.8,2.9,0.6,2.6,7.8,3.3,3.1,1.5,0.3,1.3
563,Julius Randle,2015.0,Kentucky,PF,15.0,10.4,1.4,0.5,0.8,2.5,2.0,0.0,0.0,0.0,0.0,1.0
564,Nik Stauskas,2015.0,Michigan,SG,17.5,2.9,3.3,0.6,0.3,1.9,4.4,1.2,0.9,0.3,0.2,0.5
565,Noah Vonleh,2015.0,Indiana,PF,11.3,9.0,0.6,0.9,1.4,2.1,3.3,3.4,0.2,0.2,0.4,0.4
566,Elfrid Payton,2015.0,Louisiana,PG,19.2,6.0,5.9,2.3,0.6,3.6,8.9,4.3,6.5,1.7,0.2,2.5
567,Doug McDermott,2015.0,Creighton,SF,26.7,7.0,1.6,0.2,0.1,1.8,3.0,1.2,0.2,0.1,0.0,0.5
568,Zach LaVine,2015.0,UCLA,PG,9.4,2.5,1.8,0.9,0.2,1.1,10.1,2.8,3.6,0.7,0.1,2.5
569,Adreian Payne,2015.0,Michigan State,PF,16.4,7.3,1.3,0.5,0.9,2.0,6.7,5.1,0.9,0.6,0.3,1.4
570,James Young,2015.0,Kentucky,SG,14.3,4.3,1.7,0.8,0.2,1.9,3.4,1.4,0.4,0.3,0.1,0.2
571,Tyler Ennis,2015.0,Syracuse,PG,12.9,3.4,5.5,2.1,0.2,1.7,3.7,1.1,2.2,0.5,0.2,1.3
572,Gary Harris,2015.0,Michigan State,SG,16.7,4.0,2.7,1.8,0.4,1.7,3.4,1.2,0.5,0.7,0.1,0.7
573,Mitch McGary,2015.0,Michigan,PF,9.5,8.3,1.5,1.9,0.8,1.6,6.3,5.2,0.4,0.5,0.5,1.0
574,Jordan Adams,2015.0,UCLA,SG,17.4,5.3,2.3,2.6,0.1,1.5,3.1,0.9,0.5,0.5,0.2,0.5
575,Rodney Hood,2015.0,Duke,SG,16.1,3.9,2.1,0.7,0.3,1.5,8.7,2.3,1.7,0.6,0.2,0.9
576,Shabazz Napier,2015.0,UConn,PG,18.0,5.9,4.9,1.8,0.3,2.9,5.1,2.2,2.5,0.8,0.1,1.6
577,Josh Huestis,2016.0,Stanford,PF,11.2,8.2,1.2,0.6,1.9,1.2,2.8,2.0,0.0,0.2,0.4,0.6
578,Cleanthony Early,2015.0,Wichita State,SF,16.4,5.9,0.8,0.8,0.8,1.9,5.4,2.5,0.9,0.6,0.3,1.0
579,Jarnell Stokes,2015.0,Tennessee,PF,15.1,10.6,2.0,0.7,0.9,2.1,3.0,1.8,0.2,0.3,0.3,0.4
581,Spencer Dinwiddie,2015.0,Colorado,PG,14.7,3.1,3.8,1.5,0.2,1.8,4.3,1.4,3.1,0.6,0.2,1.0
582,Jerami Grant,2015.0,Syracuse,SF,12.1,6.8,1.4,0.8,0.6,1.2,6.3,3.0,1.2,0.6,1.0,1.3
583,Nick Johnson,2015.0,Arizona,SG,16.3,4.1,2.8,1.1,0.7,1.7,2.6,1.4,0.4,0.3,0.1,0.7
584,Markel Brown,2015.0,Oklahoma State,SG,17.2,5.3,2.9,1.0,1.0,1.6,4.6,2.3,0.8,0.7,0.3,0.6
585,Dwight Powell,2015.0,Stanford,PF,14.0,6.9,3.1,1.3,0.8,2.9,3.1,1.7,0.3,0.3,0.2,0.4
586,Jordan Clarkson,2015.0,Missouri,PG,17.5,3.8,3.4,1.1,0.2,2.7,11.9,3.2,3.5,0.9,0.2,1.6
587,Russ Smith,2015.0,Louisville,PG,18.2,3.3,4.6,2.0,0.1,2.8,2.5,0.5,0.7,0.3,0.0,1.0
588,Lamar Patterson,2016.0,Pitt,SG,17.1,4.9,4.3,1.4,0.3,2.6,2.4,1.4,1.1,0.3,0.1,0.7
589,Cameron Bairstow,2015.0,New Mexico,PF,20.4,7.4,1.6,0.6,1.5,2.0,0.6,0.4,0.1,0.1,0.1,0.2
591,Semaj Christon,2017.0,Xavier,PG,17.0,2.7,4.2,1.3,0.2,2.6,2.9,1.4,2.0,0.4,0.1,0.7
592,Jordan McRae,2016.0,Tennessee,PG,18.7,3.5,2.5,0.7,1.0,2.1,4.5,0.9,1.1,0.1,0.0,0.7
594,Cory Jefferson,2015.0,Baylor,PF,13.7,8.2,1.0,0.4,1.3,1.3,3.7,2.9,0.3,0.2,0.4,0.4
595,Karl-Anthony Towns,2016.0,Kentucky,C,10.3,6.7,1.1,0.5,2.3,1.4,18.3,10.5,2.0,0.7,1.7,2.2
596,Jahlil Okafor,2016.0,Duke,C,17.3,8.5,1.3,0.8,1.4,2.5,17.5,7.0,1.2,0.4,1.2,2.3
597,Willie Cauley-Stein,2016.0,Kentucky,C,8.9,6.4,1.0,1.2,1.7,1.2,7.0,5.3,0.6,0.7,1.0,0.7
598,Stanley Johnson,2016.0,Arizona,SF,13.8,6.5,1.7,1.5,0.4,2.2,8.1,4.2,1.6,0.8,0.2,1.6
599,Frank Kaminsky,2016.0,Wisconsin,C,18.8,8.2,2.6,0.8,1.5,1.6,7.5,4.1,1.2,0.5,0.5,0.7
600,Justise Winslow,2016.0,Duke,SF,12.6,6.5,2.1,1.3,0.9,1.8,6.4,5.2,1.5,0.9,0.3,1.2
601,Myles Turner,2016.0,Texas,C,10.1,6.5,0.6,0.3,2.6,1.4,10.3,5.5,0.7,0.4,1.4,1.1
602,Trey Lyles,2016.0,Kentucky,PF,8.7,5.2,1.1,0.5,0.4,1.1,6.1,3.7,0.7,0.3,0.2,0.8
603,Cameron Payne,2016.0,Murray State,PG,20.2,3.7,6.0,1.9,0.5,2.5,5.0,1.5,1.9,0.6,0.1,0.8
604,Kelly Oubre,2016.0,Kansas,SF,9.3,5.0,0.8,1.1,0.4,1.2,3.7,2.1,0.2,0.3,0.1,0.5
605,Terry Rozier,2016.0,Louisville,PG,17.1,5.6,3.0,2.0,0.2,2.2,1.8,1.6,0.9,0.2,0.0,0.5
606,Rashad Vaughn,2016.0,UNLV,SG,17.8,4.8,1.6,0.8,0.3,2.2,3.1,1.3,0.6,0.4,0.2,0.4
607,Sam Dekker,2016.0,Wisconsin,PF,13.9,5.5,1.2,0.5,0.5,0.9,0.0,0.3,0.0,0.3,0.0,0.0
608,Jerian Grant,2016.0,Notre Dame,PG,16.5,3.0,6.7,1.7,0.5,2.2,5.6,1.9,2.3,0.7,0.1,1.1
609,Delon Wright,2016.0,Utah,PG,14.5,4.9,5.1,2.1,1.0,1.9,3.8,1.4,1.1,0.3,0.1,0.6
610,Justin Anderson,2016.0,Virginia,SF,12.2,4.0,1.7,0.7,0.5,1.2,3.8,2.4,0.5,0.3,0.5,0.4
611,Bobby Portis,2016.0,Arkansas,PF,17.5,8.9,1.2,1.1,1.4,1.6,7.0,5.4,0.8,0.4,0.4,0.9
612,Rondae Hollis-Jefferson,2016.0,Arizona,SF,11.2,6.8,1.6,1.2,0.8,1.6,5.8,5.3,1.5,1.3,0.6,0.9
613,Tyus Jones,2016.0,Duke,PG,11.8,3.5,5.6,1.5,0.1,1.9,4.2,1.3,2.9,0.8,0.1,0.9
614,Jarell Martin,2016.0,LSU,PF,16.9,9.2,1.8,1.2,0.7,2.8,5.7,3.2,0.6,0.3,0.3,0.7
615,Chris McCullough,2016.0,Syracuse,PF,9.3,6.9,1.1,1.7,2.1,2.2,4.7,2.8,0.4,1.2,0.5,0.6
616,Kevon Looney,2016.0,UCLA,PF,11.6,9.2,1.4,1.3,0.9,1.3,1.8,2.0,0.0,0.0,0.0,0.2
617,Montrezl Harrell,2016.0,Louisville,PF,15.7,9.2,1.4,0.9,1.2,2.0,3.6,1.7,0.4,0.3,0.3,0.4
618,Jordan Mickey,2016.0,LSU,PF,15.4,9.9,1.3,0.9,3.6,3.3,1.3,0.8,0.1,0.0,0.7,0.1
619,Rakeem Christmas,2016.0,Syracuse,PF,17.5,9.1,1.5,0.9,2.5,2.5,4.0,1.0,0.0,0.0,0.0,0.0
620,Richaun Holmes,2016.0,Bowling Green State,PF,14.7,8.0,0.8,0.7,2.7,1.9,5.6,2.6,0.6,0.4,0.8,0.6
621,Darrun Hilliard,2016.0,Villanova,SG,14.3,3.1,2.1,1.8,0.3,1.2,4.0,1.2,0.7,0.2,0.0,0.5
622,Pat Connaughton,2016.0,Notre Dame,SG,12.5,7.4,1.5,0.7,0.9,1.2,1.1,0.9,0.3,0.1,0.0,0.3
624,Andrew Harrison,2017.0,Kentucky,PG,9.3,2.2,3.6,1.0,0.2,1.6,5.9,1.9,2.8,0.7,0.3,1.2
625,Norman Powell,2016.0,UCLA,SG,16.4,4.7,2.1,1.8,0.4,2.2,5.6,2.3,1.0,0.6,0.2,0.7
626,Dakari Johnson,2018.0,Kentucky,C,6.4,4.6,0.7,0.4,0.9,1.1,1.8,1.1,0.3,0.2,0.3,0.1
629,Branden Dawson,2016.0,Michigan State,PF,11.9,9.1,1.7,1.2,1.7,1.9,0.8,0.7,0.0,0.0,0.2,0.0
630,Ben Simmons,2018.0,LSU,PG,19.2,11.8,4.8,2.0,0.8,3.4,15.8,8.1,8.2,1.7,0.9,3.4
631,Brandon Ingram,2017.0,Duke,SF,17.3,6.8,2.0,1.1,1.4,2.0,9.4,4.0,2.1,0.6,0.5,1.5
632,Jaylen Brown,2017.0,California,SF,14.6,5.4,2.0,0.8,0.6,3.1,6.6,2.8,0.8,0.4,0.2,0.9
633,Kris Dunn,2017.0,Providence,PG,16.4,5.3,6.2,2.5,0.6,3.5,3.8,2.1,2.4,1.0,0.5,1.1
634,Buddy Hield,2017.0,Oklahoma,SG,25.0,5.7,2.0,1.1,0.5,3.1,10.6,3.3,1.5,0.5,0.1,1.2
635,Jamal Murray,2017.0,Kentucky,SG,20.0,5.2,2.2,1.0,0.3,2.3,9.9,2.6,2.1,0.6,0.3,1.4
636,Marquese Chriss,2017.0,Washington,PF,13.7,5.4,0.8,0.9,1.6,2.0,9.2,4.2,0.7,0.8,0.9,1.3
637,Domantas Sabonis,2017.0,Gonzaga,PF,17.6,11.8,1.8,0.6,0.9,2.6,5.9,3.6,1.0,0.5,0.4,1.0
638,Denzel Valentine,2017.0,Michigan State,SG,19.2,7.5,7.8,1.0,0.2,2.7,5.1,2.6,1.1,0.5,0.1,0.9
639,Wade Baldwin,2017.0,Vanderbilt,PG,14.1,4.0,5.2,1.2,0.3,2.8,3.2,1.4,1.8,0.5,0.2,1.2
640,Henry Ellenson,2017.0,Marquette,PF,17.0,9.7,1.8,0.8,1.5,2.4,3.2,2.2,0.4,0.1,0.1,0.7
641,Malik Beasley,2017.0,Florida State,SG,15.6,5.3,1.5,0.9,0.2,1.7,3.8,0.8,0.5,0.3,0.0,0.4
642,Caris LeVert,2017.0,Michigan,SF,16.5,5.3,4.9,1.0,0.2,1.7,8.2,3.3,1.9,0.9,0.1,1.0
643,Malachi Richardson,2017.0,Syracuse,SG,13.4,4.3,2.1,1.1,0.3,2.1,3.6,1.0,0.5,0.2,0.0,0.4
644,Brice Johnson,2017.0,UNC,PF,18.2,10.4,1.5,1.1,1.5,1.8,1.3,1.0,0.3,0.7,0.3,0.3
645,Pascal Siakam,2017.0,New Mexico State,PF,20.3,11.6,1.7,1.0,2.2,2.0,4.2,3.4,0.3,0.5,0.8,0.6
646,Dejounte Murray,2017.0,Washington,PG,16.1,6.0,4.4,1.8,0.3,3.2,3.4,1.1,1.3,0.2,0.2,1.0
647,Damian Jones,2017.0,Vanderbilt,C,13.9,6.9,1.2,0.2,1.6,2.0,1.9,2.3,0.0,0.1,0.4,0.6
648,Deyonta Davis,2017.0,Michigan State,C,7.5,5.5,0.7,0.3,1.8,0.9,1.6,1.7,0.1,0.1,0.5,0.2
649,Cheick Diallo,2017.0,Kansas,PF,3.0,2.5,0.0,0.3,0.9,0.6,5.1,4.3,0.2,0.2,0.4,0.4
650,Tyler Ulis,2017.0,Kentucky,PG,17.3,3.0,7.0,1.5,0.1,2.0,7.3,1.6,3.7,0.8,0.1,1.3
651,Malcolm Brogdon,2017.0,Virginia,SG,18.2,4.1,3.1,0.9,0.2,1.4,10.2,2.8,4.2,1.1,0.2,1.5
652,Chinanu Onuaku,2017.0,Louisville,C,9.9,8.5,1.6,0.8,2.0,2.1,2.8,2.0,0.6,0.6,0.2,0.8
653,Patrick McCaw,2017.0,UNLV,SG,14.7,5.1,3.9,2.5,0.4,2.1,4.0,1.4,1.1,0.5,0.2,0.5
654,Diamond Stone,2017.0,Maryland,C,12.5,5.4,0.4,0.5,1.6,1.5,1.4,0.9,0.0,0.0,0.1,0.3
655,Isaiah Whitehead,2017.0,Seton Hall,PG,18.2,3.6,5.1,1.2,1.4,3.5,7.4,2.5,2.6,0.6,0.5,1.9
656,Jake Layman,2017.0,Maryland,SF,11.6,5.3,1.1,1.1,1.0,1.7,2.2,0.7,0.3,0.3,0.1,0.3
657,Michael Gbinije,2017.0,Syracuse,SG,17.5,4.1,4.3,1.9,0.4,2.8,0.4,0.3,0.2,0.0,0.0,0.0
658,Georges Niang,2017.0,Iowa State,PF,20.5,6.2,3.3,0.9,0.6,2.6,0.9,0.7,0.2,0.1,0.0,0.2
659,Ben Bentil,2017.0,Providence,PF,21.1,7.7,1.1,0.9,1.0,1.9,0.0,0.7,0.0,0.0,0.0,0.3
660,Joel Bolomboy,2017.0,Weber State,PF,17.1,12.6,1.1,0.7,1.2,2.4,1.8,1.4,0.2,0.1,0.2,0.2
661,Marcus Paige,2018.0,UNC,PG,13.4,2.5,3.7,1.1,0.4,1.2,2.4,0.8,0.6,0.0,0.0,0.0
662,Daniel Hamilton,2018.0,UConn,SG,12.5,8.9,4.7,1.1,0.4,2.4,2.0,0.8,1.3,0.2,0.0,0.3
663,Abdel Nader,2018.0,Iowa State,SF,12.9,5.0,1.5,1.1,0.7,2.3,3.0,1.5,0.5,0.3,0.2,0.7
665,Tyrone Wallace,2018.0,California,PG,15.3,5.3,4.4,1.0,0.4,2.6,9.7,3.5,2.4,0.9,0.4,1.5
666,Markelle Fultz,2018.0,Washington,SG,23.2,5.7,5.9,1.6,1.2,3.2,7.1,3.1,3.8,0.9,0.3,1.2
667,Lonzo Ball,2018.0,UCLA,PG,14.6,6.0,7.6,1.8,0.8,2.5,10.2,6.9,7.2,1.7,0.8,2.6
668,Jayson Tatum,2018.0,Duke,SF,16.8,7.3,2.1,1.3,1.1,2.6,13.9,5.0,1.6,1.0,0.7,1.4
669,Jonathan Isaac,2018.0,Florida State,PF,12.0,7.8,1.2,1.2,1.5,1.5,5.4,3.7,0.7,1.2,1.1,1.0
670,Lauri Markkanen,2018.0,Arizona,PF,15.6,7.2,0.9,0.4,0.5,1.1,15.2,7.5,1.2,0.6,0.6,1.2
671,Zach Collins,2018.0,Gonzaga,C,10.0,5.9,0.4,0.5,1.8,1.5,4.4,3.3,0.8,0.3,0.5,0.9
672,Malik Monk,2018.0,Kentucky,SG,19.8,2.5,2.3,0.9,0.5,2.0,6.7,1.0,1.4,0.3,0.1,0.8
673,Luke Kennard,2018.0,Duke,SG,19.5,5.1,2.5,0.8,0.4,1.6,7.6,2.4,1.7,0.6,0.2,0.9
674,Donovan Mitchell,2018.0,Louisville,SG,15.6,4.9,2.7,2.1,0.5,1.6,20.5,3.7,3.7,1.5,0.3,2.7
675,Justin Patton,2018.0,Creighton,C,12.9,6.2,1.2,0.9,1.4,1.7,2.0,0.0,0.0,1.0,0.0,0.0
676,John Collins,2018.0,Wake Forest,PF,19.2,9.8,0.5,0.6,1.6,1.8,10.5,7.3,1.3,0.6,1.1,1.4
677,Harry Giles,2019.0,Duke,PF,3.9,3.8,0.3,0.3,0.7,0.7,7.0,3.8,1.5,0.5,0.4,1.3
678,Jarrett Allen,2018.0,Texas,C,13.4,8.4,0.8,0.6,1.5,2.5,8.2,5.4,0.7,0.4,1.2,1.1
679,OG Anunoby,2018.0,Indiana,SF,11.1,5.4,1.4,1.3,1.3,1.6,5.9,2.5,0.7,0.7,0.2,0.6
680,Tyler Lydon,2018.0,Syracuse,PF,13.2,8.6,2.1,1.0,1.4,1.7,0.0,0.0,0.0,0.0,0.0,0.0
681,Caleb Swanigan,2018.0,Purdue,PF,18.5,12.5,3.1,0.4,0.8,3.4,2.3,2.0,0.5,0.2,0.1,0.7
682,Kyle Kuzma,2018.0,Utah,PF,16.4,9.3,2.4,0.6,0.5,2.1,16.1,6.3,1.8,0.6,0.4,1.8
683,Tony Bradley,2018.0,UNC,C,7.1,5.1,0.6,0.3,0.6,0.7,0.9,1.2,0.1,0.0,0.0,0.0
684,Derrick White,2018.0,Colorado,PG,18.1,4.1,4.4,1.2,1.4,2.4,3.2,1.5,0.5,0.2,0.2,0.4
685,Josh Hart,2018.0,Villanova,SG,18.7,6.4,2.9,1.6,0.3,2.0,7.9,4.2,1.3,0.7,0.3,0.7
686,Davon Reed,2018.0,Miami (FL),SG,14.9,4.8,2.4,1.3,0.5,2.0,3.0,1.9,0.6,0.5,0.1,0.5
687,Wesley Iwundu,2018.0,Kansas State,SF,13.0,6.3,3.5,1.0,0.3,2.3,3.7,2.2,0.9,0.5,0.2,0.5
688,Frank Mason,2018.0,Kansas,PG,20.9,4.2,5.2,1.3,0.1,2.4,7.9,2.5,2.8,0.7,0.2,1.3
689,Ivan Rabb,2018.0,California,PF,14.0,10.5,1.5,0.7,1.0,2.2,5.6,4.4,0.9,0.3,0.4,1.0
690,Semi Ojeleye,2018.0,SMU,PF,19.0,6.9,1.5,0.4,0.4,1.4,2.7,2.2,0.3,0.3,0.1,0.3
691,Jordan Bell,2018.0,Oregon,C,10.9,8.8,1.8,1.3,2.3,1.9,4.6,3.6,1.8,0.6,1.0,0.9
692,Jawun Evans,2018.0,Oklahoma State,PG,19.2,3.4,6.4,1.8,0.1,2.8,4.8,1.8,2.1,0.8,0.1,0.9
693,Dwayne Bacon,2018.0,Florida State,SG,17.2,4.2,1.7,1.0,0.1,2.0,3.3,2.3,0.7,0.3,0.0,0.4
694,Tyler Dorsey,2018.0,Oregon,SG,14.6,3.5,1.7,0.8,0.1,1.5,7.2,2.3,1.4,0.3,0.1,0.7
695,Thomas Bryant,2018.0,Indiana,C,12.6,6.6,1.5,0.8,1.5,2.3,1.5,1.1,0.4,0.1,0.1,0.1
696,Damyean Dotson,2018.0,Houston,SG,17.4,6.9,1.1,0.9,0.2,1.0,4.1,1.9,0.7,0.3,0.0,0.4
697,Dillon Brooks,2018.0,Oregon,SF,16.1,3.2,2.7,1.1,0.5,2.1,11.0,3.1,1.6,0.9,0.2,1.5
698,Ike Anigbogu,2018.0,UCLA,C,4.7,4.0,0.2,0.2,1.2,0.8,1.2,0.8,0.0,0.1,0.3,0.2
699,Sindarius Thornwell,2018.0,South Carolina,SG,21.4,7.1,2.8,2.1,1.0,2.5,3.9,1.9,0.9,0.7,0.3,0.7
700,Monte Morris,2018.0,Iowa State,PG,16.4,4.8,6.2,1.5,0.3,1.2,3.3,0.7,2.3,1.0,0.0,0.3
701,Edmond Sumner,2018.0,Xavier,PG,15.0,4.3,5.0,1.3,0.8,2.8,2.0,1.0,0.0,0.0,0.0,0.0
702,Kadeem Allen,2018.0,Arizona,PG,9.8,4.0,3.0,1.6,0.6,1.9,1.1,0.6,0.7,0.2,0.1,0.5
703,Alec Peters,2018.0,Valparaiso,PF,23.0,10.1,2.2,0.8,0.4,2.4,4.1,1.9,0.6,0.1,0.1,0.2
705,Jabari Bird,2018.0,California,SG,14.3,4.7,1.0,0.7,0.2,1.9,3.0,1.5,0.6,0.2,0.1,0.6
706,Jaron Blossomgame,2019.0,Clemson,SF,17.7,6.3,1.5,0.8,0.9,1.7,4.2,3.6,0.5,0.3,0.3,0.4
707,Deandre Ayton,2019.0,Arizona,C,20.1,11.6,1.6,0.6,1.9,2.0,16.3,10.3,1.8,0.9,0.9,1.8
708,Trae Young,2019.0,Oklahoma,PG,27.4,3.9,8.7,1.7,0.3,5.2,19.1,3.7,8.1,0.9,0.2,3.8
709,Mohamed Bamba,2019.0,Texas,C,12.9,10.5,0.5,0.8,3.7,1.5,6.2,5.0,0.8,0.3,1.4,0.9
710,Collin Sexton,2019.0,Alabama,PG,19.2,3.8,3.6,0.8,0.1,2.8,16.7,2.9,3.0,0.5,0.1,2.3
711,Kevin Knox,2019.0,Kentucky,PF,15.6,5.4,1.4,0.8,0.3,2.3,12.8,4.5,1.1,0.6,0.3,1.5
712,Mikal Bridges,2019.0,Villanova,SF,17.7,5.3,1.9,1.5,1.1,1.4,8.3,3.2,2.1,1.6,0.5,0.9
713,Shai Gilgeous-Alexander,2019.0,Kentucky,PG,14.4,4.1,5.1,1.6,0.5,2.7,10.8,2.8,3.3,1.2,0.5,1.7
714,Miles Bridges,2019.0,Michigan State,SF,17.1,7.0,2.7,0.6,0.8,2.0,7.5,4.0,1.2,0.7,0.6,0.6
715,Zhaire Smith,2019.0,Texas Tech,SG,11.3,5.0,1.8,1.1,1.1,1.1,6.7,2.2,1.7,0.3,0.3,1.0
716,Donte DiVincenzo,2019.0,Villanova,SG,13.4,4.8,3.5,1.1,0.2,2.0,4.9,2.4,1.1,0.5,0.2,0.7
717,Kevin Huerter,2019.0,Maryland,SG,14.8,5.0,3.4,0.6,0.7,2.5,9.7,3.3,2.9,0.9,0.3,1.5
718,Josh Okogie,2019.0,Georgia Tech,SG,18.2,6.3,2.5,1.8,1.0,2.5,7.7,2.9,1.2,1.2,0.4,0.9
719,Grayson Allen,2019.0,Duke,SG,15.5,3.3,4.6,1.7,0.1,2.1,5.6,0.6,0.7,0.2,0.2,0.9
720,Chandler Hutchison,2019.0,Boise State,SF,20.0,7.7,3.5,1.5,0.3,3.4,5.2,4.2,0.8,0.5,0.1,0.6
721,Aaron Holiday,2019.0,UCLA,PG,20.3,3.7,5.8,1.3,0.2,3.8,5.9,1.3,1.7,0.4,0.3,0.8
722,Moritz Wagner,2019.0,Michigan,C,14.6,7.1,0.8,1.0,0.5,1.4,4.8,2.0,0.6,0.3,0.3,0.9
723,Landry Shamet,2019.0,Wichita State,SG,14.9,3.2,5.2,0.7,0.2,2.1,9.1,1.7,1.5,0.5,0.1,0.6
724,Jacob Evans,2019.0,Cincinnati,SG,13.0,4.7,3.1,1.3,1.0,1.8,1.3,0.8,0.8,0.2,0.1,0.4
725,Omari Spellman,2019.0,Villanova,PF,10.9,8.0,0.8,0.7,1.5,1.0,5.9,4.2,1.0,0.6,0.5,0.7
726,Jevon Carter,2019.0,West Virginia,PG,17.3,4.6,6.6,3.0,0.4,2.6,4.4,1.7,1.8,0.7,0.3,0.8
727,Jalen Brunson,2019.0,Villanova,PG,18.9,3.1,4.6,0.9,0.0,1.8,9.3,2.3,3.2,0.5,0.1,1.2
728,Melvin Frazier,2019.0,Tulane,SG,15.9,5.6,2.9,2.2,0.7,2.6,1.5,0.5,0.1,0.1,0.0,0.1
729,Khyri Thomas,2019.0,Creighton,SG,15.1,4.4,2.8,1.7,0.2,1.8,2.3,0.8,0.3,0.3,0.2,0.2
730,Jarred Vanderbilt,2019.0,Kentucky,PF,5.9,7.9,1.0,0.4,0.8,1.1,1.4,1.4,0.2,0.4,0.1,0.5
731,Hamidou Diallo,2019.0,Kentucky,SG,10.0,3.6,1.2,0.8,0.4,1.4,3.7,1.9,0.3,0.4,0.2,0.5
732,Sviatoslav Mykhailiuk,2019.0,Kansas,SF,14.6,3.9,2.7,1.2,0.3,1.7,3.2,0.9,0.9,0.3,0.0,0.5
733,Keita Bates-Diop,2019.0,Ohio State,SF,19.8,8.7,1.6,0.9,1.6,1.8,5.0,2.8,0.6,0.6,0.5,0.5
734,Chimezie Metu,2019.0,USC,PF,15.7,7.4,1.6,0.8,1.7,2.0,1.8,1.2,0.4,0.2,0.1,0.5
735,Alize Johnson,2019.0,Missouri State,PF,15.0,11.6,2.8,0.5,0.4,2.2,0.9,1.4,0.1,0.1,0.2,0.0
739,Thomas Welsh,2019.0,UCLA,C,12.6,10.8,1.4,0.7,0.9,1.0,1.6,0.4,0.5,0.0,0.0,0.1
740,George King,2019.0,Colorado,SF,12.9,7.8,1.1,0.5,0.7,2.0,0.0,1.0,0.0,0.0,0.0,0.0
741,Kostas Antetokounmpo,2019.0,Dayton,PF,5.2,2.9,0.4,0.2,1.1,1.3,1.0,0.5,0.0,1.0,0.0,0.5
